time,open,high,low,close,volume,trades
2026-04-03T20:00:00Z,308.67,311.4,306.03,308.9,10850.0766,0
2026-04-04T00:00:00Z,308.87,313.77,308.34,310.28,7272.9476,0
2026-04-04T04:00:00Z,310.22,312.36,307.25,309.2,7133.1998,0
2026-04-04T08:00:00Z,309.34,310.16,307.1,307.72,6239.3722,0
2026-04-04T12:00:00Z,307.59,309.93,302.81,303.89,8599.3826551,0
2026-04-04T16:00:00Z,304.05,306.91,303.24,304.28,4684.192,0
2026-04-04T20:00:00Z,304.4,304.82,300.81,301.29,7573.7793,0
2026-04-05T00:00:00Z,301.38,304.07,300.9,303.51,2661.2409,0
2026-04-05T04:00:00Z,303.53,304.66,296.91,298.45,6495.851,0
2026-04-05T08:00:00Z,298.4,301.58,297.94,299.74,4669.6999,0
2026-04-05T12:00:00Z,299.82,300.58,295.32,297.84,7008.7539,0
2026-04-05T16:00:00Z,297.92,298.74,296.02,298.53,5177.9297,0
2026-04-05T20:00:00Z,298.7,310.52,297.83,310.22,10773.6723,0
2026-04-06T00:00:00Z,310.27,314.7,305.56,314.69,6362.6569,0
2026-04-06T04:00:00Z,314.67,321.47,313.75,318.29,4955.18114646,0
2026-04-06T08:00:00Z,318.42,329.9,316.9,322.32,7268.919,0
2026-04-06T12:00:00Z,322.39,326.68,319.19,321.23,6479.0609,0
2026-04-06T16:00:00Z,321.25,323.29,316.41,316.89,2306.8012,0
2026-04-06T20:00:00Z,316.74,318.25,310.0,312.99,2328.3372,0
2026-04-07T00:00:00Z,312.99,315.38,308.8,311.92,6269.0259,0
2026-04-07T04:00:00Z,311.81,314.15,310.13,311.63,7021.8637,0
2026-04-07T08:00:00Z,311.53,319.24,310.72,312.49,10281.3837,0
2026-04-07T12:00:00Z,312.58,315.37,308.01,313.94,11519.8918,0
2026-04-07T16:00:00Z,314.02,317.6,310.0,317.49,13177.9668,0
2026-04-07T20:00:00Z,317.52,344.0,316.4,335.58,20606.8644,0
2026-04-08T00:00:00Z,335.72,345.0,332.84,338.04,10951.7703,0
2026-04-08T04:00:00Z,338.04,347.2,336.14,343.96,14198.3212,0
2026-04-08T08:00:00Z,344.03,351.12,337.89,343.16,10433.0472,0
2026-04-08T12:00:00Z,343.2,348.84,333.47,336.77,13812.322,0
2026-04-08T16:00:00Z,336.77,337.54,328.44,330.61,13469.8097,0
2026-04-08T20:00:00Z,330.66,332.26,322.08,325.25,14144.6643,0
2026-04-09T00:00:00Z,325.1,326.53,319.74,323.1,11194.8393,0
2026-04-09T04:00:00Z,323.12,324.31,318.36,322.66,8783.6812,0
2026-04-09T08:00:00Z,322.65,327.21,321.54,322.73,8497.8445,0
2026-04-09T12:00:00Z,322.75,337.73,320.68,336.82,20397.458,0
2026-04-09T16:00:00Z,336.82,341.16,330.86,337.42,17536.702,0
2026-04-09T20:00:00Z,337.52,340.72,300.34,305.09,29253.0396,0
2026-04-10T00:00:00Z,305.37,307.42,275.24,276.23,93540.0828,0
2026-04-10T04:00:00Z,276.23,278.77,249.04,262.96,67716.17756366,0
2026-04-10T08:00:00Z,262.66,273.77,259.33,263.75,41209.93294072,0
2026-04-10T12:00:00Z,263.67,274.4,258.95,268.67,36085.6564,0
2026-04-10T16:00:00Z,268.7,272.87,264.01,265.79,25270.2784,0
2026-04-10T20:00:00Z,265.66,268.24,255.35,257.73,30138.7167,0
2026-04-11T00:00:00Z,257.76,267.81,253.38,262.8,33992.4667,0
2026-04-11T04:00:00Z,262.86,265.89,259.51,260.82,28994.4614,0
2026-04-11T08:00:00Z,260.82,268.12,258.9,267.02,30853.3864,0
2026-04-11T12:00:00Z,266.99,267.9,261.97,263.62,24876.5756,0
2026-04-11T16:00:00Z,263.64,273.53,262.49,272.01,29335.87,0
2026-04-11T20:00:00Z,272.08,281.2,268.89,273.86,34111.07208377,0
2026-04-12T00:00:00Z,273.8,275.49,260.88,262.96,32315.9937,0
2026-04-12T04:00:00Z,262.97,263.93,260.42,261.34,26952.1076,0
2026-04-12T08:00:00Z,261.36,268.1,261.03,264.95,26544.74430001,0
2026-04-12T12:00:00Z,264.88,264.99,256.92,258.1,29144.077,0
2026-04-12T16:00:00Z,258.05,263.38,257.01,261.6,24071.8033,0
2026-04-12T20:00:00Z,261.61,263.93,257.94,259.38,20999.5157,0
2026-04-13T00:00:00Z,259.48,266.06,258.38,260.08,12422.2594,0
2026-04-13T04:00:00Z,260.04,262.39,257.97,258.59,9110.3294,0
2026-04-13T08:00:00Z,258.56,261.97,257.4,261.39,11596.8371,0
2026-04-13T12:00:00Z,261.46,264.22,253.9,254.27,19454.9914,0
2026-04-13T16:00:00Z,254.25,258.75,250.18,257.77,20818.0006,0
2026-04-13T20:00:00Z,257.71,263.72,253.37,260.8,27015.1399,0
2026-04-14T00:00:00Z,260.84,260.99,253.71,256.67,19359.6565,0
2026-04-14T04:00:00Z,256.69,257.65,251.3,252.44,13604.3627,0
2026-04-14T08:00:00Z,252.39,253.61,247.78,249.93,13401.8118,0
2026-04-14T12:00:00Z,249.86,253.68,246.7,247.76,25317.2869,0
2026-04-14T16:00:00Z,247.74,248.33,237.46,239.95,24438.4865,0
2026-04-14T20:00:00Z,240.03,242.58,238.3,239.24,18618.0556,0
2026-04-15T00:00:00Z,239.22,249.02,237.0,246.77,33311.3543,0
2026-04-15T04:00:00Z,246.8,248.16,242.67,243.14,30515.2042,0
2026-04-15T08:00:00Z,243.13,249.71,242.93,247.8,31561.6396,0
2026-04-15T12:00:00Z,247.79,250.56,244.41,246.47,31037.4036,0
2026-04-15T16:00:00Z,246.5,248.08,243.5,245.36,31402.6581,0
2026-04-15T20:00:00Z,245.46,245.5,240.04,241.67,24885.1261,0
2026-04-16T00:00:00Z,241.65,244.97,239.1,244.3,14555.5527,0
2026-04-16T04:00:00Z,244.29,245.65,241.0,242.38,16677.239,0
2026-04-16T08:00:00Z,242.35,242.55,237.5,239.29,11095.6702,0
2026-04-16T12:00:00Z,239.33,244.54,234.4,241.51,23042.2945,0
2026-04-16T16:00:00Z,241.48,243.9,235.54,243.84,15680.4165,0
2026-04-16T20:00:00Z,243.8,253.35,242.82,252.97,22600.75557521,0
2026-04-17T00:00:00Z,252.97,257.93,249.93,253.27,20201.1768,0
2026-04-17T04:00:00Z,253.31,254.27,244.41,246.25,19472.4406,0
2026-04-17T08:00:00Z,246.24,254.94,245.76,254.94,21221.3935,0
2026-04-17T12:00:00Z,254.99,263.16,251.34,261.97,24333.2336,0
2026-04-17T16:00:00Z,261.95,267.36,257.3,261.98,21409.195,0
2026-04-17T20:00:00Z,262.01,263.43,256.61,257.96,21090.1149,0
2026-04-18T00:00:00Z,257.51,259.5,252.0,253.43,25510.0781,0
2026-04-18T04:00:00Z,253.58,257.82,252.07,255.4,22658.3242,0
2026-04-18T08:00:00Z,255.31,255.64,246.25,248.49,24387.4479,0
2026-04-18T12:00:00Z,248.42,251.78,247.53,248.18,23660.9821,0
2026-04-18T16:00:00Z,248.14,248.68,244.01,245.42,27555.5976,0
2026-04-18T20:00:00Z,245.47,248.0,242.35,243.33,22580.7148,0
2026-04-19T00:00:00Z,243.26,243.43,239.9,241.33,21245.288,0
2026-04-19T04:00:00Z,241.32,244.55,240.0,244.21,24983.6622,0
2026-04-19T08:00:00Z,243.99,249.75,243.09,249.29,26844.2464,0
2026-04-19T12:00:00Z,249.38,250.62,244.39,246.08,27960.1977,0
2026-04-19T16:00:00Z,246.22,246.84,237.96,240.94,27832.8744,0
2026-04-19T20:00:00Z,240.93,244.3,237.68,239.57,22878.8245,0
2026-04-20T00:00:00Z,239.87,244.12,239.58,242.7,15186.9049,0
2026-04-20T04:00:00Z,242.69,246.23,239.64,243.36,14791.5063,0
2026-04-20T08:00:00Z,243.46,245.81,242.55,243.7,13042.3292,0
2026-04-20T12:00:00Z,243.71,245.48,240.23,245.38,10464.7955,0
2026-04-20T16:00:00Z,245.48,249.56,244.8,247.76,15408.9349,0
2026-04-20T20:00:00Z,247.49,248.73,243.68,244.09,22079.7364,0
2026-04-21T00:00:00Z,244.11,246.64,243.4,244.78,28818.7249,0
2026-04-21T04:00:00Z,244.88,247.43,243.67,246.72,22015.5128,0
2026-04-21T08:00:00Z,246.68,249.9,246.59,248.01,18667.3177,0
2026-04-21T12:00:00Z,248.07,248.4,242.35,244.83,12269.3331,0
2026-04-21T16:00:00Z,244.96,245.39,240.45,240.98,12760.5551,0
2026-04-21T20:00:00Z,240.98,245.34,240.66,245.07,14608.0642,0
2026-04-22T00:00:00Z,245.1,247.09,241.62,245.94,11630.6989,0
2026-04-22T04:00:00Z,246.1,249.67,245.78,248.37,11002.7706,0
2026-04-22T08:00:00Z,248.37,249.72,245.28,246.33,11470.4228,0
2026-04-22T12:00:00Z,246.49,248.8,243.45,243.68,15270.147,0
2026-04-22T16:00:00Z,243.74,249.24,243.54,246.05,13691.3024,0
2026-04-22T20:00:00Z,245.92,249.52,244.8,245.71,15929.3723,0
2026-04-23T00:00:00Z,245.82,246.67,241.06,242.61,15134.5882,0
2026-04-23T04:00:00Z,242.6,244.01,241.24,241.99,14227.476,0
2026-04-23T08:00:00Z,242.06,243.91,240.82,243.48,13142.6361,0
2026-04-23T12:00:00Z,243.34,245.96,242.52,244.14,14219.0268,0
2026-04-23T16:00:00Z,244.24,246.93,241.1,245.08,15064.3123,0
2026-04-23T20:00:00Z,244.89,253.41,244.74,252.83,18232.0362,0
2026-04-24T00:00:00Z,252.81,254.92,244.45,245.1,15114.5764,0
2026-04-24T04:00:00Z,245.18,247.9,243.59,245.6,7355.2034,0
2026-04-24T08:00:00Z,245.59,248.78,244.19,248.36,15050.292,0
2026-04-24T12:00:00Z,248.37,249.15,244.61,247.77,15197.5116,0
2026-04-24T16:00:00Z,247.71,251.39,246.31,251.18,12483.5649,0
2026-04-24T20:00:00Z,251.09,252.84,247.81,248.81,15809.9205,0
2026-04-25T00:00:00Z,248.81,250.44,246.92,249.87,13176.0595,0
2026-04-25T04:00:00Z,249.88,252.21,247.25,249.39,13299.3845,0
2026-04-25T08:00:00Z,249.37,251.87,249.35,251.39,12675.5905,0
2026-04-25T12:00:00Z,251.41,253.41,247.81,248.61,14193.296,0
2026-04-25T16:00:00Z,248.62,249.75,245.45,245.96,14738.7121,0
2026-04-25T20:00:00Z,246.03,247.85,245.18,247.83,15283.5351,0
2026-04-26T00:00:00Z,247.82,247.82,244.87,245.87,12550.3404,0
2026-04-26T04:00:00Z,245.53,248.31,245.11,247.36,10260.5931,0
2026-04-26T08:00:00Z,247.44,248.4,245.97,247.77,9178.4793,0
2026-04-26T12:00:00Z,247.79,249.1,245.58,249.1,13698.8051,0
2026-04-26T16:00:00Z,249.13,252.44,247.55,251.77,14352.7895,0
2026-04-26T20:00:00Z,251.79,252.71,248.44,251.34,15315.0658,0
2026-04-27T00:00:00Z,251.36,256.12,251.34,255.42,18086.3468,0
2026-04-27T04:00:00Z,255.39,257.18,247.59,248.16,16493.1932,0
2026-04-27T08:00:00Z,248.17,251.16,247.44,249.77,9345.4405,0
2026-04-27T12:00:00Z,249.79,251.7,244.36,246.02,2965.6304,0
2026-04-27T16:00:00Z,246.03,248.17,244.5,246.05,19837.755,0
2026-04-27T20:00:00Z,246.05,248.47,245.22,248.28,18089.5285,0
2026-04-28T00:00:00Z,248.36,250.21,246.11,248.08,21474.391,0
2026-04-28T04:00:00Z,248.1,249.76,246.67,249.16,20405.674,0
2026-04-28T08:00:00Z,249.14,250.85,247.85,250.42,22825.8614,0
2026-04-28T12:00:00Z,250.57,256.53,248.52,256.29,27101.6723,0
2026-04-28T16:00:00Z,256.25,260.18,253.96,257.07,24523.0142,0
2026-04-28T20:00:00Z,257.02,258.86,255.64,258.25,18990.8008,0
2026-04-29T00:00:00Z,258.23,264.97,257.01,264.59,18980.2064,0
2026-04-29T04:00:00Z,264.98,266.5,260.56,260.56,4200.0696,0
2026-04-29T08:00:00Z,260.71,263.27,258.05,258.28,10885.8023,0
2026-04-29T12:00:00Z,258.38,258.86,250.82,252.1,23204.9946,0
2026-04-29T16:00:00Z,252.16,252.45,248.44,251.86,23509.747,0
2026-04-29T20:00:00Z,251.89,257.93,251.83,253.92,20805.4803,0
2026-04-30T00:00:00Z,253.93,254.26,249.65,250.36,21341.5019,0
2026-04-30T04:00:00Z,250.34,251.37,248.82,250.26,18386.5527,0
2026-04-30T08:00:00Z,250.26,250.94,248.79,250.15,14928.1411,0
2026-04-30T12:00:00Z,250.17,251.65,247.0,250.11,20131.2971,0
2026-04-30T16:00:00Z,250.11,250.52,248.55,249.38,12623.1666,0
2026-04-30T20:00:00Z,249.31,250.72,247.87,249.05,11093.2734,0
2026-05-01T00:00:00Z,249.09,253.97,249.09,253.53,11717.7247,0
2026-05-01T04:00:00Z,253.56,255.92,252.2,255.25,15217.963,0
2026-05-01T08:00:00Z,255.34,265.16,254.76,261.86,18758.4488,0
2026-05-01T12:00:00Z,261.89,272.7,258.55,272.14,23590.84891957,0
2026-05-01T16:00:00Z,272.16,275.0,269.42,272.97,23942.5191,0
2026-05-01T20:00:00Z,273.0,274.27,268.63,270.81,19059.9529,0
2026-05-02T00:00:00Z,270.84,273.8,269.04,273.66,16026.9644,0
2026-05-02T04:00:00Z,273.81,278.7,271.1,273.89,15643.413,0
2026-05-02T08:00:00Z,273.81,275.6,272.33,274.22,16478.335,0
2026-05-02T12:00:00Z,274.23,277.92,273.21,277.81,17109.94939982,0
2026-05-02T16:00:00Z,277.9,290.77,275.88,290.1,19393.8898,0
2026-05-02T20:00:00Z,290.19,292.13,285.56,287.03,23281.2716,0
2026-05-03T00:00:00Z,287.11,287.42,281.72,285.48,23945.0566,0
2026-05-03T04:00:00Z,285.47,292.3,285.04,290.74,19152.7789,0
2026-05-03T08:00:00Z,290.76,291.17,282.92,288.28,17196.51251008,0
2026-05-03T12:00:00Z,288.27,291.5,285.77,289.61,17283.6944,0
2026-05-03T16:00:00Z,289.66,291.71,288.04,291.2,14459.3565648,0
2026-05-03T20:00:00Z,291.23,296.67,288.57,289.48,20085.0268,0
2026-05-04T00:00:00Z,289.51,295.0,286.45,293.35,17943.4946,0
2026-05-04T04:00:00Z,293.49,295.18,285.86,289.65,17908.2914,0
2026-05-04T08:00:00Z,289.66,293.04,280.71,283.04,19512.6873,0
2026-05-04T12:00:00Z,283.0,286.9,276.59,279.45,20604.595,0
2026-05-04T16:00:00Z,279.43,284.76,277.58,282.38,16700.8259,0
2026-05-04T20:00:00Z,282.31,288.07,281.02,284.93,15948.0474,0
2026-05-05T00:00:00Z,284.92,290.59,283.45,286.32,19464.6095,0
2026-05-05T04:00:00Z,286.28,287.18,283.61,284.77,14916.7032,0
2026-05-05T08:00:00Z,284.83,288.68,282.48,287.85,14159.594,0
2026-05-05T12:00:00Z,287.86,288.66,282.53,283.2,18366.7782,0
2026-05-05T16:00:00Z,283.34,286.69,281.07,286.26,17158.8263,0
2026-05-05T20:00:00Z,286.3,305.05,285.43,292.37,26430.984,0
2026-05-06T00:00:00Z,292.5,296.8,283.88,286.74,20175.1024,0
2026-05-06T04:00:00Z,286.65,294.85,285.23,292.56,17305.8531,0
2026-05-06T08:00:00Z,292.49,313.03,291.84,312.93,18850.852,0
2026-05-06T12:00:00Z,312.96,323.79,302.17,318.02,18751.6999,0
2026-05-06T16:00:00Z,318.0,320.91,310.59,312.95,15524.5148,0
2026-05-06T20:00:00Z,312.92,315.9,304.89,309.11,12290.2823,0
2026-05-07T00:00:00Z,309.12,310.8,303.41,306.33,12879.2105,0
2026-05-07T04:00:00Z,306.34,313.47,305.13,311.74,12220.0329,0
2026-05-07T08:00:00Z,311.76,315.52,304.97,313.52,12239.7917,0
2026-05-07T12:00:00Z,313.46,315.67,304.5,304.78,15440.0506,0
2026-05-07T16:00:00Z,304.86,311.82,302.81,305.3,13987.7209,0
2026-05-07T20:00:00Z,305.35,307.52,296.86,302.41,17236.9737,0
2026-05-08T00:00:00Z,302.42,304.34,298.84,302.39,12066.9461,0
2026-05-08T04:00:00Z,302.39,305.36,299.84,303.33,10758.295,0
2026-05-08T08:00:00Z,303.32,313.31,303.08,308.68,16162.6119,0
2026-05-08T12:00:00Z,308.65,314.49,305.54,311.18,14478.6525,0
2026-05-08T16:00:00Z,311.26,318.02,309.78,313.29,11598.8102,0
2026-05-08T20:00:00Z,313.24,318.39,312.21,316.53,13303.2301,0
2026-05-09T00:00:00Z,316.53,317.93,310.86,311.95,9817.0617,0
2026-05-09T04:00:00Z,311.87,314.46,309.35,313.12,9832.0217,0
2026-05-09T08:00:00Z,313.09,314.28,308.28,309.78,9242.5608,0
2026-05-09T12:00:00Z,309.67,310.8,305.43,306.72,10361.4125,0
2026-05-09T16:00:00Z,306.8,311.98,305.98,310.98,7538.8839,0
2026-05-09T20:00:00Z,311.02,311.37,307.55,307.82,7140.0936,0
2026-05-10T00:00:00Z,307.84,314.55,306.4,313.35,7699.3279,0
2026-05-10T04:00:00Z,313.47,314.27,308.92,313.42,7684.0774,0
2026-05-10T08:00:00Z,313.39,316.3,310.74,314.24,8530.2887,0
2026-05-10T12:00:00Z,314.23,328.9,312.9,318.33,12953.9066,0
2026-05-10T16:00:00Z,318.35,333.66,317.7,329.45,13063.41,0
2026-05-10T20:00:00Z,329.35,331.01,313.0,320.55,13597.8324,0
2026-05-11T00:00:00Z,320.68,325.27,313.07,318.1,11550.2322,0
2026-05-11T04:00:00Z,318.12,323.75,316.68,319.67,9518.0778,0
2026-05-11T08:00:00Z,319.54,327.15,317.01,322.35,11808.8597,0
2026-05-11T12:00:00Z,322.37,328.0,316.74,324.32,13699.9177,0
2026-05-11T16:00:00Z,324.39,328.0,319.25,326.29,13411.9436,0
2026-05-11T20:00:00Z,326.24,328.87,318.61,320.69,12316.584,0
2026-05-12T00:00:00Z,320.71,321.47,316.05,317.35,10513.2369,0
2026-05-12T04:00:00Z,317.35,323.06,316.53,319.68,9718.0906,0
2026-05-12T08:00:00Z,319.68,320.17,310.0,311.69,13849.9497,0
2026-05-12T12:00:00Z,311.65,314.23,305.53,306.42,15292.7938,0
2026-05-12T16:00:00Z,306.48,310.02,304.04,309.74,10870.1234,0
2026-05-12T20:00:00Z,309.75,312.7,308.5,309.48,11358.6812,0
2026-05-13T00:00:00Z,309.48,314.07,309.15,312.93,10699.6195,0
2026-05-13T04:00:00Z,312.95,313.07,303.34,305.9,12731.9055,0
2026-05-13T08:00:00Z,305.92,308.36,302.3,303.44,15312.5923,0
2026-05-13T12:00:00Z,303.43,304.29,290.7,291.32,21133.89,0
2026-05-13T16:00:00Z,291.29,295.6,291.23,293.39,17922.7257,0
2026-05-13T20:00:00Z,293.44,297.58,293.2,294.86,17408.872,0
2026-05-14T00:00:00Z,294.84,298.32,292.4,293.36,18445.8164,0
2026-05-14T04:00:00Z,293.42,296.7,292.87,295.72,15512.851,0
2026-05-14T08:00:00Z,295.78,298.57,294.36,296.3,15364.1479,0
2026-05-14T12:00:00Z,296.28,307.48,296.06,305.82,15428.0704,0
2026-05-14T16:00:00Z,305.67,308.94,304.03,305.36,17492.328,0
2026-05-14T20:00:00Z,305.63,309.36,302.55,304.77,12047.0983,0
2026-05-15T00:00:00Z,304.77,308.48,303.1,304.44,15466.1345,0
2026-05-15T04:00:00Z,304.43,306.3,299.74,303.18,14977.65,0
2026-05-15T08:00:00Z,303.28,303.33,298.47,300.34,11472.3249,0
2026-05-15T12:00:00Z,300.37,300.57,285.57,286.44,18617.9161,0
2026-05-15T16:00:00Z,286.47,289.87,284.55,287.55,16442.5818,0
2026-05-15T20:00:00Z,287.48,288.03,284.53,285.4,16395.9819,0
2026-05-16T00:00:00Z,285.35,286.54,281.34,282.72,15519.8771,0
2026-05-16T04:00:00Z,282.58,282.99,268.0,271.39,17901.1113,0
2026-05-16T08:00:00Z,271.27,274.53,269.69,272.12,18426.0835,0
2026-05-16T12:00:00Z,272.12,274.25,270.6,273.49,17086.4038,0
2026-05-16T16:00:00Z,273.49,276.67,273.0,275.86,15689.0847,0
2026-05-16T20:00:00Z,275.92,276.07,273.04,273.72,16010.2292,0
2026-05-17T00:00:00Z,273.75,274.2,266.07,268.3,16672.9053,0
2026-05-17T04:00:00Z,268.36,274.75,267.87,272.5,17830.514,0
2026-05-17T08:00:00Z,272.45,274.37,269.13,274.0,17424.3435,0
2026-05-17T12:00:00Z,274.0,275.21,269.89,271.25,17571.0893,0
2026-05-17T16:00:00Z,271.32,271.82,267.78,269.51,18530.2001,0
2026-05-17T20:00:00Z,269.49,269.99,257.77,263.22,21412.2454,0
2026-05-18T00:00:00Z,263.05,264.66,258.64,260.54,18629.4425,0
2026-05-18T04:00:00Z,260.66,261.26,256.25,256.27,19945.5021,0
2026-05-18T08:00:00Z,256.38,260.41,255.99,258.47,15666.8688,0
2026-05-18T12:00:00Z,258.44,261.97,255.52,257.67,17365.5842,0
2026-05-18T16:00:00Z,257.73,259.56,254.32,258.94,12873.7651,0
2026-05-18T20:00:00Z,259.07,265.01,258.91,261.61,12169.219,0
2026-05-19T00:00:00Z,261.68,264.2,260.11,261.87,11908.0024,0
2026-05-19T04:00:00Z,261.89,264.7,260.16,263.6,10263.8993,0
2026-05-19T08:00:00Z,263.66,263.77,257.61,258.38,12768.5641,0
2026-05-19T12:00:00Z,258.39,261.5,255.32,257.39,13517.3899,0
2026-05-19T16:00:00Z,257.44,259.92,256.07,258.28,9897.9586,0
2026-05-19T20:00:00Z,258.38,260.26,256.6,257.24,11034.0255,0
2026-05-20T00:00:00Z,257.22,258.47,255.73,257.22,10663.8697,0
2026-05-20T04:00:00Z,257.36,262.99,256.24,261.11,10942.4419,0
2026-05-20T08:00:00Z,261.26,264.28,261.04,262.44,11133.1841,0
2026-05-20T12:00:00Z,262.48,274.8,262.1,274.2,16574.696,0
2026-05-20T16:00:00Z,274.2,276.59,268.26,274.87,16787.0909,0
2026-05-20T20:00:00Z,274.87,275.97,269.94,272.34,15784.6862,0
2026-05-21T00:00:00Z,272.28,278.2,271.62,277.82,13070.4434,0
2026-05-21T04:00:00Z,277.82,283.73,276.28,282.98,16585.1114,0
2026-05-21T08:00:00Z,282.95,289.48,278.45,279.69,17006.4955,0
2026-05-21T12:00:00Z,279.78,281.27,274.54,278.03,17449.6829,0
2026-05-21T16:00:00Z,278.13,287.94,277.22,282.92,17338.5237,0
2026-05-21T20:00:00Z,282.95,285.36,279.33,279.87,15415.4706,0
2026-05-22T00:00:00Z,279.85,281.51,276.18,280.41,14270.3714,0
2026-05-22T04:00:00Z,280.38,284.83,279.35,283.23,13932.2902,0
2026-05-22T08:00:00Z,283.22,292.15,280.66,291.91,13453.9222,0
2026-05-22T12:00:00Z,291.89,293.33,279.76,281.38,15743.6985,0
2026-05-22T16:00:00Z,281.1,285.4,269.53,272.15,17159.1901,0
2026-05-22T20:00:00Z,272.07,274.75,262.91,265.1,17192.8867,0
2026-05-23T00:00:00Z,265.26,266.7,262.43,266.14,13729.853,0
2026-05-23T04:00:00Z,266.17,266.52,253.17,257.74,13963.5688,0
2026-05-23T08:00:00Z,257.6,261.62,256.17,260.85,13024.9255,0
2026-05-23T12:00:00Z,260.83,272.78,258.68,271.61,16545.151,0
2026-05-23T16:00:00Z,271.64,276.74,267.57,276.17,15427.5663,0
2026-05-23T20:00:00Z,276.18,288.28,275.17,279.54,20353.2774,0
2026-05-24T00:00:00Z,279.7,281.97,277.5,278.8,14282.2233,0
2026-05-24T04:00:00Z,278.92,281.98,276.08,279.9,13927.6752,0
2026-05-24T08:00:00Z,279.91,282.96,278.2,280.45,14268.035,0
2026-05-24T12:00:00Z,280.57,280.63,270.24,275.63,15916.0193,0
2026-05-24T16:00:00Z,275.68,279.1,274.34,274.97,12664.5459,0
2026-05-24T20:00:00Z,275.28,276.16,268.38,274.86,15135.7488,0
2026-05-25T00:00:00Z,274.94,275.82,271.18,271.23,12938.7812,0
2026-05-25T04:00:00Z,271.21,278.4,271.17,276.59,10978.2254,0
2026-05-25T08:00:00Z,276.5,280.73,275.93,278.06,11818.9825,0
2026-05-25T12:00:00Z,278.19,280.71,276.47,278.5,13682.7775,0
2026-05-25T16:00:00Z,278.57,285.9,276.0,283.13,12385.2739,0
2026-05-25T20:00:00Z,283.14,286.01,278.27,279.56,17874.1762,0
2026-05-26T00:00:00Z,279.75,281.4,273.83,277.2,18632.766,0
2026-05-26T04:00:00Z,277.16,288.93,276.92,281.58,20372.9358,0
2026-05-26T08:00:00Z,281.63,290.71,281.33,287.45,21244.559,0
2026-05-26T12:00:00Z,287.36,291.58,281.44,285.79,21076.183,0
2026-05-26T16:00:00Z,285.74,289.84,279.04,281.55,20615.896,0
2026-05-26T20:00:00Z,281.67,282.46,277.97,278.31,14976.1601,0
2026-05-27T00:00:00Z,278.45,286.7,274.17,274.68,16822.8526,0
2026-05-27T04:00:00Z,274.72,277.23,270.57,275.9,15632.0153,0
2026-05-27T08:00:00Z,275.79,278.42,273.3,276.85,13181.8847,0
2026-05-27T12:00:00Z,276.96,281.36,271.67,278.07,17432.2373,0
2026-05-27T16:00:00Z,278.09,279.79,267.6,273.48,16632.0324,0
2026-05-27T20:00:00Z,273.49,274.79,265.18,266.78,16056.9703,0
2026-05-28T00:00:00Z,266.88,267.52,258.18,258.83,16850.80874425,0
2026-05-28T04:00:00Z,258.86,260.96,255.01,259.94,16495.689,0
2026-05-28T08:00:00Z,260.02,263.03,258.13,258.13,15567.1512,0
2026-05-28T12:00:00Z,258.12,261.38,253.77,256.16,20280.96,0
2026-05-28T16:00:00Z,256.07,264.43,254.35,262.8,17151.6592,0
2026-05-28T20:00:00Z,262.82,264.88,259.25,261.17,15013.6857,0
2026-05-29T00:00:00Z,261.19,263.51,256.25,256.93,15648.572,0
2026-05-29T04:00:00Z,257.0,261.06,253.77,258.43,13845.2087,0
2026-05-29T08:00:00Z,258.42,260.18,254.54,255.98,12170.8888,0
2026-05-29T12:00:00Z,255.91,260.51,246.55,258.34,21953.6979,0
2026-05-29T16:00:00Z,258.4,259.9,247.41,249.46,20359.4289,0
2026-05-29T20:00:00Z,249.35,251.37,245.73,250.39,18451.5739,0
2026-05-30T00:00:00Z,250.37,254.08,250.06,250.24,15576.8518,0
2026-05-30T04:00:00Z,250.24,252.45,246.87,249.72,16644.8111,0
2026-05-30T08:00:00Z,249.68,254.17,249.54,252.42,18429.8569,0
2026-05-30T12:00:00Z,252.41,256.44,251.55,254.68,20396.5459,0
2026-05-30T16:00:00Z,254.63,255.69,252.61,253.56,18831.1415,0
2026-05-30T20:00:00Z,253.63,257.48,253.29,254.59,19888.4823,0
2026-05-31T00:00:00Z,254.74,260.3,254.25,259.79,19442.1378,0
2026-05-31T04:00:00Z,259.79,260.45,256.0,256.72,17525.9606,0
2026-05-31T08:00:00Z,256.72,260.41,256.12,258.85,16613.5593,0
2026-05-31T12:00:00Z,258.84,259.66,252.54,253.45,17467.1981,0
2026-05-31T16:00:00Z,253.51,254.19,249.97,252.81,17523.8271,0
2026-05-31T20:00:00Z,252.77,258.51,252.77,255.68,19289.5414,0
2026-06-01T00:00:00Z,255.69,258.97,250.81,256.94,18978.3126,0
2026-06-01T04:00:00Z,256.88,257.81,248.6,249.13,18407.7101,0
2026-06-01T08:00:00Z,249.15,252.69,248.51,251.19,19747.0448,0
2026-06-01T12:00:00Z,251.17,251.66,244.32,247.81,21078.6955,0
2026-06-01T16:00:00Z,247.74,257.05,245.69,256.82,20535.5655,0
2026-06-01T20:00:00Z,256.74,257.02,249.85,252.95,20032.1304,0
2026-06-02T00:00:00Z,252.91,254.27,245.0,253.66,18807.9317,0
2026-06-02T04:00:00Z,253.63,255.29,248.54,249.31,20058.9763,0
2026-06-02T08:00:00Z,249.37,250.75,245.77,248.01,21196.8489,0
2026-06-02T12:00:00Z,247.95,250.4,236.3,239.48,25135.141,0
2026-06-02T16:00:00Z,239.36,245.75,232.15,236.77,23617.893,0
2026-06-02T20:00:00Z,236.78,240.03,222.48,225.97,26042.0838,0
2026-06-03T00:00:00Z,226.11,229.84,220.0,221.37,23917.7263,0
2026-06-03T04:00:00Z,221.36,236.63,221.33,235.54,22627.5567,0
2026-06-03T08:00:00Z,235.56,235.73,230.79,231.12,23118.4126,0
2026-06-03T12:00:00Z,231.16,233.7,227.22,228.48,25046.9994,0
2026-06-03T16:00:00Z,228.63,230.43,224.15,224.88,23468.3439,0
2026-06-03T20:00:00Z,224.71,231.57,221.7,226.31,22765.7739,0
2026-06-04T00:00:00Z,226.37,229.77,205.46,223.84,24824.274,0
2026-06-04T04:00:00Z,223.9,225.59,215.39,215.55,8902.9852,0
2026-06-04T08:00:00Z,215.53,219.31,210.34,213.97,10125.2332,0
2026-06-04T12:00:00Z,214.04,220.1,211.88,218.94,9793.955,0
2026-06-04T16:00:00Z,219.08,220.8,214.63,216.29,8790.64989646,0
2026-06-04T20:00:00Z,216.29,216.35,205.77,211.76,11887.9278,0
2026-06-05T00:00:00Z,211.55,212.96,203.3,203.63,10516.8662,0
2026-06-05T04:00:00Z,203.67,208.34,193.23,202.87,17622.5581,0
2026-06-05T08:00:00Z,202.84,203.22,196.33,196.64,10640.0805,0
2026-06-05T12:00:00Z,196.66,201.66,191.11,193.95,13118.4961,0
2026-06-05T16:00:00Z,193.77,201.2,186.65,193.18,14714.8211,0
2026-06-05T20:00:00Z,193.27,199.5,191.48,195.18,14977.8741,0
2026-06-06T00:00:00Z,195.29,198.67,191.32,191.92,8719.6961,0
2026-06-06T04:00:00Z,191.94,195.91,183.32,194.24,11627.0623,0
2026-06-06T08:00:00Z,194.28,198.06,190.32,194.55,9748.5772,0
2026-06-06T12:00:00Z,194.66,198.69,193.15,195.77,11322.3844,0
2026-06-06T16:00:00Z,195.75,197.43,193.33,194.24,9096.4972,0
2026-06-06T20:00:00Z,194.3,195.12,192.11,193.75,9033.0369,0
2026-06-07T00:00:00Z,193.81,204.39,192.83,203.1,9726.2666,0
2026-06-07T04:00:00Z,203.25,211.78,201.3,211.25,11131.8286,0
2026-06-07T08:00:00Z,211.14,215.07,207.7,209.72,9821.3344,0
2026-06-07T12:00:00Z,209.84,212.87,205.34,211.59,11324.8307,0
2026-06-07T16:00:00Z,211.6,211.87,203.68,204.62,8696.4829,0
2026-06-07T20:00:00Z,204.31,220.2,204.0,214.11,11409.6315,0
2026-06-08T00:00:00Z,214.14,217.61,210.66,211.5,11624.9183,0
2026-06-08T04:00:00Z,211.57,211.96,206.78,211.3,8372.6742,0
2026-06-08T08:00:00Z,211.34,213.84,208.58,212.78,8856.4145,0
2026-06-08T12:00:00Z,212.84,217.8,210.58,216.16,11172.4399,0
2026-06-08T16:00:00Z,216.33,219.8,214.92,218.19,8843.801,0
2026-06-08T20:00:00Z,218.23,218.99,214.68,215.42,12874.6215,0
2026-06-09T00:00:00Z,215.47,216.12,209.84,212.35,8833.8825,0
2026-06-09T04:00:00Z,212.41,218.85,211.76,217.43,8417.0182,0
2026-06-09T08:00:00Z,217.42,217.6,213.09,215.76,8494.9732,0
2026-06-09T12:00:00Z,215.73,217.15,208.23,208.25,12322.2733,0
2026-06-09T16:00:00Z,208.23,211.2,204.75,210.27,15591.8575,0
2026-06-09T20:00:00Z,210.25,211.78,204.92,206.18,7653.8886,0
2026-06-10T00:00:00Z,206.27,211.12,205.14,207.21,7936.0085,0
2026-06-10T04:00:00Z,207.22,208.56,203.67,206.73,6939.1315,0
2026-06-10T08:00:00Z,206.71,207.57,202.84,203.82,9568.3781,0
2026-06-10T12:00:00Z,203.87,214.63,203.28,210.22,13487.0821,0
2026-06-10T16:00:00Z,210.28,210.88,201.44,202.42,9659.48288377,0
2026-06-10T20:00:00Z,202.49,203.39,197.69,200.89,9186.6622,0
2026-06-11T00:00:00Z,200.89,210.25,200.72,209.07,7900.7584,0
2026-06-11T04:00:00Z,209.18,210.24,207.0,208.93,5988.9082,0
2026-06-11T08:00:00Z,208.96,210.96,207.66,209.71,5668.2708,0
2026-06-11T12:00:00Z,209.77,209.91,206.0,208.45,9219.8764,0
2026-06-11T16:00:00Z,208.4,214.38,205.13,213.91,9703.1045,0
2026-06-11T20:00:00Z,213.86,218.09,212.49,213.92,7921.1671,0
2026-06-12T00:00:00Z,213.84,215.03,211.11,214.28,5020.9943,0
2026-06-12T04:00:00Z,214.36,215.49,208.51,211.22,5977.855,0
2026-06-12T08:00:00Z,211.24,215.42,211.19,213.39,6023.5716,0
2026-06-12T12:00:00Z,213.36,217.95,210.68,212.48,9276.6398,0
2026-06-12T16:00:00Z,212.43,215.05,211.91,212.35,7278.1254,0
2026-06-12T20:00:00Z,212.43,213.85,211.0,212.27,5869.2497,0
2026-06-13T00:00:00Z,212.18,218.01,212.0,217.41,6782.8987,0
2026-06-13T04:00:00Z,217.33,236.84,213.52,234.73,12581.3342,0
2026-06-13T08:00:00Z,234.81,249.42,232.47,246.09,15392.4136,0
2026-06-13T12:00:00Z,246.05,269.29,244.88,262.87,19279.4931,0
2026-06-13T16:00:00Z,262.97,277.24,250.9,251.47,20633.4996,0
2026-06-13T20:00:00Z,251.49,266.8,250.45,262.81,10312.0192,0
2026-06-14T00:00:00Z,262.88,276.72,261.57,275.63,9989.4171,0
2026-06-14T04:00:00Z,275.55,282.0,267.63,269.55,10423.099,0
2026-06-14T08:00:00Z,269.41,276.8,264.77,270.17,9228.1085,0
2026-06-14T12:00:00Z,270.28,270.57,257.13,262.76,9774.2703,0
2026-06-14T16:00:00Z,262.68,268.45,259.69,263.94,7181.4407,0
2026-06-14T20:00:00Z,264.05,276.02,261.8,270.7,14042.7796,0
2026-06-15T00:00:00Z,270.89,285.0,266.81,276.27,7898.3699,0
2026-06-15T04:00:00Z,275.98,289.37,271.85,280.14,9150.8481,0
2026-06-15T08:00:00Z,279.93,291.02,260.77,279.27,16698.5855,0
2026-06-15T12:00:00Z,279.34,284.72,270.24,273.95,12279.2684,0
2026-06-15T16:00:00Z,273.98,275.78,268.75,269.51,7691.80766424,0
2026-06-15T20:00:00Z,269.47,271.34,261.56,266.45,8469.4242,0
2026-06-16T00:00:00Z,266.44,268.0,258.71,262.95,8198.0244,0
2026-06-16T04:00:00Z,262.96,269.8,259.37,269.38,8717.9814,0
2026-06-16T08:00:00Z,269.35,271.14,263.45,263.99,8562.1939,0
2026-06-16T12:00:00Z,263.99,267.33,252.07,253.46,11725.3148,0
2026-06-16T16:00:00Z,253.26,256.8,249.48,252.71,9423.8849,0
2026-06-16T20:00:00Z,252.66,259.12,252.47,257.61,9861.5994,0
2026-06-17T00:00:00Z,257.78,263.43,256.56,257.53,9561.8094,0
2026-06-17T04:00:00Z,257.6,260.89,252.7,255.11,8042.1568,0
2026-06-17T08:00:00Z,255.18,255.45,249.83,253.0,7902.46299423,0
2026-06-17T12:00:00Z,253.04,259.48,249.58,259.32,9008.7377,0
2026-06-17T16:00:00Z,259.31,260.49,245.78,246.74,9359.5276,0
2026-06-17T20:00:00Z,246.58,248.46,242.16,246.46,9375.5736,0
2026-06-18T00:00:00Z,246.51,249.2,245.07,246.15,7675.9867,0
2026-06-18T04:00:00Z,246.1,246.38,239.61,242.91,9261.7418,0
2026-06-18T08:00:00Z,242.91,243.95,237.93,239.37,8012.6806,0
2026-06-18T12:00:00Z,239.37,241.98,232.46,233.11,9287.2752,0
2026-06-18T16:00:00Z,233.19,236.34,230.34,235.3,9493.029,0
2026-06-18T20:00:00Z,235.39,238.52,233.68,236.11,7859.325,0
2026-06-19T00:00:00Z,236.12,236.25,228.72,229.93,8145.8299,0
2026-06-19T04:00:00Z,229.91,231.5,226.49,227.66,8860.8913,0
2026-06-19T08:00:00Z,227.71,228.73,224.84,225.86,7790.4732,0
2026-06-19T12:00:00Z,225.95,230.57,223.35,224.42,8738.4008708,0
2026-06-19T16:00:00Z,224.44,227.61,222.24,223.66,8799.6024,0
2026-06-19T20:00:00Z,223.63,229.89,222.65,228.72,8880.7514,0
2026-06-20T00:00:00Z,228.64,229.8,226.37,227.95,7554.5089,0
2026-06-20T04:00:00Z,227.95,235.03,227.66,231.49,10122.0639,0
2026-06-20T08:00:00Z,231.48,232.69,229.07,230.19,7979.4305,0
2026-06-20T12:00:00Z,230.22,234.66,227.52,233.69,10011.1541,0
2026-06-20T16:00:00Z,233.78,233.79,226.04,228.58,8940.263,0
2026-06-20T20:00:00Z,228.57,233.76,228.51,231.67,8534.6561,0
2026-06-21T00:00:00Z,231.68,238.58,229.41,237.62,7486.5721,0
2026-06-21T04:00:00Z,237.55,242.09,234.92,236.21,8708.9419,0
2026-06-21T08:00:00Z,236.29,238.01,233.16,234.0,9046.9545,0
2026-06-21T12:00:00Z,233.94,237.64,232.05,236.54,8199.4005,0
2026-06-21T16:00:00Z,236.66,239.89,233.42,238.81,8126.7837,0
2026-06-21T20:00:00Z,238.77,238.8,227.98,228.77,9535.3439,0
2026-06-22T00:00:00Z,228.77,236.16,228.24,228.57,9086.2474,0
2026-06-22T04:00:00Z,228.66,233.39,227.69,232.06,9085.0643,0
2026-06-22T08:00:00Z,232.05,235.46,231.05,234.39,8076.7374,0
2026-06-22T12:00:00Z,234.53,236.23,229.03,229.18,10041.0445,0
2026-06-22T16:00:00Z,229.23,232.08,227.94,231.08,8953.0406,0
2026-06-22T20:00:00Z,230.99,233.24,227.05,228.03,9003.7,0
2026-06-23T00:00:00Z,228.04,229.24,224.19,225.43,8809.8091,0
2026-06-23T04:00:00Z,225.45,226.8,219.56,222.62,9487.7409,0
2026-06-23T08:00:00Z,222.76,223.13,216.25,221.27,9604.7025,0
2026-06-23T12:00:00Z,221.25,221.53,214.16,215.98,9998.12184821,0
2026-06-23T16:00:00Z,216.02,219.82,214.99,218.5,9221.3496,0
2026-06-23T20:00:00Z,218.31,221.3,217.93,220.54,8755.6477,0
2026-06-24T00:00:00Z,220.6,223.01,218.41,220.28,6591.9239,0
2026-06-24T04:00:00Z,220.21,226.12,218.12,221.25,9069.2332,0
2026-06-24T08:00:00Z,221.3,223.37,218.75,221.94,7468.6551,0
2026-06-24T12:00:00Z,222.03,222.29,215.05,215.72,9852.865,0
2026-06-24T16:00:00Z,215.63,216.86,205.92,213.87,12625.3506,0
2026-06-24T20:00:00Z,213.89,220.28,213.41,219.46,9257.8165,0
2026-06-25T00:00:00Z,219.42,221.25,218.34,219.02,7171.0278,0
2026-06-25T04:00:00Z,219.04,223.67,217.4,222.82,7481.0137,0
2026-06-25T08:00:00Z,222.78,223.79,217.03,218.13,6424.3801,0
2026-06-25T12:00:00Z,218.19,219.29,204.52,213.01,11921.8418,0
2026-06-25T16:00:00Z,212.99,215.02,208.17,210.11,10269.7982,0
2026-06-25T20:00:00Z,210.15,213.99,209.2,212.38,8649.9581,0
2026-06-26T00:00:00Z,212.5,213.09,204.92,211.34,9479.0731,0
2026-06-26T04:00:00Z,211.18,217.43,210.25,216.69,9520.283,0
2026-06-26T08:00:00Z,216.67,217.03,208.66,208.96,8979.6285,0
2026-06-26T12:00:00Z,208.97,214.79,206.92,213.72,11364.8096,0
2026-06-26T16:00:00Z,213.78,216.99,212.69,212.92,10259.2652,0
2026-06-26T20:00:00Z,213.08,215.6,211.95,214.45,9197.468,0
2026-06-27T00:00:00Z,214.53,214.82,212.18,213.46,6823.146,0
2026-06-27T04:00:00Z,213.43,214.9,212.51,214.38,7072.0609,0
2026-06-27T08:00:00Z,214.45,214.46,211.48,212.39,6430.4425,0
2026-06-27T12:00:00Z,212.39,215.59,211.67,214.66,7982.8742,0
2026-06-27T16:00:00Z,214.7,214.81,209.1,209.43,8347.3635,0
2026-06-27T20:00:00Z,209.37,211.1,207.65,209.49,8777.8858,0
2026-06-28T00:00:00Z,209.1,210.76,208.39,209.14,7257.8567,0
2026-06-28T04:00:00Z,209.21,209.25,207.12,208.54,7528.2519,0
2026-06-28T08:00:00Z,208.53,210.81,207.33,208.63,7825.346,0
2026-06-28T12:00:00Z,208.59,209.51,207.12,208.53,7431.1331,0
2026-06-28T16:00:00Z,208.53,208.86,202.61,204.42,9209.5287,0
2026-06-28T20:00:00Z,204.42,206.63,202.15,205.23,9390.0323,0
2026-06-29T00:00:00Z,205.24,209.19,203.78,207.94,9342.9041,0
2026-06-29T04:00:00Z,207.95,208.3,204.32,206.5,7662.1612,0
2026-06-29T08:00:00Z,206.51,207.09,204.6,205.42,8404.304,0
2026-06-29T12:00:00Z,205.42,208.8,201.25,203.87,11001.4184,0
2026-06-29T16:00:00Z,203.87,210.77,203.27,209.11,9034.0803,0
2026-06-29T20:00:00Z,209.16,209.32,207.08,208.57,7240.9959,0
2026-06-30T00:00:00Z,208.51,209.22,204.69,206.03,5572.4568,0
2026-06-30T04:00:00Z,206.03,207.21,205.12,206.38,4755.8298,0
2026-06-30T08:00:00Z,206.36,206.43,202.67,203.56,6017.9781,0
2026-06-30T12:00:00Z,203.57,205.82,200.81,202.66,10140.6637,0
2026-06-30T16:00:00Z,202.73,205.01,202.14,202.85,6344.2934,0
2026-06-30T20:00:00Z,202.77,202.87,199.8,202.14,6282.8079,0
2026-07-01T00:00:00Z,202.24,203.5,196.65,203.18,8025.6505,0
2026-07-01T04:00:00Z,203.18,204.8,196.62,197.38,6665.9623,0
2026-07-01T08:00:00Z,197.37,199.28,196.04,197.19,7249.26451076,0
2026-07-01T12:00:00Z,197.2,206.27,195.67,205.21,11336.76498808,0
2026-07-01T16:00:00Z,205.22,206.44,202.91,203.85,8849.0844,0
2026-07-01T20:00:00Z,203.89,209.71,202.24,202.85,9065.3165,0
2026-07-02T00:00:00Z,202.87,208.66,201.71,208.26,6999.9038,0
2026-07-02T04:00:00Z,208.22,208.5,202.85,204.06,5831.4562,0
2026-07-02T08:00:00Z,204.2,213.55,203.92,212.6,7708.0352,0
2026-07-02T12:00:00Z,212.54,219.49,210.87,212.15,11922.2901,0
2026-07-02T16:00:00Z,212.15,213.84,209.59,210.29,7810.1267,0
2026-07-02T20:00:00Z,210.31,211.2,208.0,209.4,6449.5877,0
2026-07-03T00:00:00Z,209.34,214.65,208.22,212.68,7141.54,0
2026-07-03T04:00:00Z,212.73,215.17,210.88,213.55,5217.8243,0
2026-07-03T08:00:00Z,213.56,217.43,213.1,216.59,7173.3691,0
2026-07-03T12:00:00Z,216.62,218.0,213.87,215.21,7133.1333,0
2026-07-03T16:00:00Z,215.17,215.97,214.07,214.7,5849.0755,0
2026-07-03T20:00:00Z,214.7,217.58,214.38,215.33,5867.6518,0
2026-07-04T00:00:00Z,215.25,216.81,213.14,213.96,4655.9026,0
2026-07-04T04:00:00Z,213.97,215.8,212.74,213.7,4783.7065,0
2026-07-04T08:00:00Z,213.77,214.3,211.5,212.38,4084.2008,0
2026-07-04T12:00:00Z,212.38,215.97,212.17,215.02,5535.3032,0
2026-07-04T16:00:00Z,215.08,219.21,214.59,217.27,7594.7946,0
2026-07-04T20:00:00Z,217.26,218.35,215.67,216.8,6119.0919,0
2026-07-05T00:00:00Z,216.8,217.16,211.61,212.05,5653.4008,0
2026-07-05T04:00:00Z,212.02,213.86,211.68,213.54,4504.254,0
2026-07-05T08:00:00Z,213.57,213.95,208.88,211.24,3422.7862,0
2026-07-05T12:00:00Z,211.2,214.4,210.61,212.41,3689.4011,0
2026-07-05T16:00:00Z,212.51,213.3,211.07,213.21,2576.0123,0
2026-07-05T20:00:00Z,213.17,217.0,212.71,215.28,5724.4567,0
2026-07-06T00:00:00Z,215.3,218.62,213.48,214.99,2513.3671,0
2026-07-06T04:00:00Z,214.95,215.21,211.2,213.06,1008.1353,0
2026-07-06T08:00:00Z,212.92,213.63,210.37,210.7,1238.6598,0
2026-07-06T12:00:00Z,210.68,212.91,206.43,212.55,5333.7421,0
2026-07-06T16:00:00Z,212.57,216.62,211.72,215.36,3048.8487,0
2026-07-06T20:00:00Z,215.48,219.2,214.52,214.64,2900.606,0
2026-07-07T00:00:00Z,214.7,216.65,210.45,210.76,1790.6556,0
2026-07-07T04:00:00Z,210.71,214.89,209.04,212.71,2361.0523,0
2026-07-07T08:00:00Z,212.82,215.99,211.58,215.4,2287.9615,0
2026-07-07T12:00:00Z,215.48,217.65,209.97,215.58,6768.1801,0
2026-07-07T16:00:00Z,215.63,217.37,211.33,213.9,6676.7355,0
2026-07-07T20:00:00Z,213.88,215.26,210.62,211.31,5084.8759,0
2026-07-08T00:00:00Z,211.37,213.49,205.7,208.28,6558.8595,0
2026-07-08T04:00:00Z,208.28,209.35,207.19,207.9,4572.3718,0
2026-07-08T08:00:00Z,207.98,208.27,203.57,206.04,6693.1653,0
2026-07-08T12:00:00Z,206.11,206.11,200.48,202.22,8299.3442,0
2026-07-08T16:00:00Z,202.23,205.73,201.83,204.55,5052.6521,0
2026-07-08T20:00:00Z,204.56,204.87,201.85,204.86,3462.621454,0
2026-07-09T00:00:00Z,204.85,205.8,201.24,202.93,3864.5401,0
2026-07-09T04:00:00Z,202.99,207.56,202.84,206.56,4797.5191,0
2026-07-09T08:00:00Z,206.57,207.62,204.58,205.86,4046.0095,0
2026-07-09T12:00:00Z,205.86,208.43,205.41,207.07,6025.5785,0
2026-07-09T16:00:00Z,207.08,210.34,205.91,208.5,6146.3672,0
2026-07-09T20:00:00Z,208.59,215.18,207.67,214.01,7066.9414,0
2026-07-10T00:00:00Z,214.0,216.26,210.75,214.98,7863.2706,0
2026-07-10T04:00:00Z,214.98,215.44,211.15,211.25,4205.0482,0
2026-07-10T08:00:00Z,211.23,214.96,211.08,213.94,5387.9947,0
2026-07-10T12:00:00Z,213.98,214.89,209.44,211.54,8736.0888,0
2026-07-10T16:00:00Z,211.53,212.7,210.07,211.95,5948.9307,0
2026-07-10T20:00:00Z,211.97,213.68,210.84,213.15,4131.6199,0
2026-07-11T00:00:00Z,213.15,213.69,211.46,213.18,5333.177,0
2026-07-11T04:00:00Z,213.18,214.67,211.86,212.75,5466.8696,0
2026-07-11T08:00:00Z,212.7,213.86,212.03,212.78,3334.0216,0
2026-07-11T12:00:00Z,212.82,214.47,211.63,212.59,4210.4616,0
2026-07-11T16:00:00Z,212.64,214.95,211.92,214.71,2783.7746,0
