time,open,high,low,close,volume,trades
2026-02-17T00:00:00Z,0.9929,0.999,0.9797,0.9832,724655.3,0
2026-02-17T04:00:00Z,0.9831,0.9894,0.967,0.9715,537724.4,0
2026-02-17T08:00:00Z,0.9716,0.9794,0.9615,0.9687,557590.3,0
2026-02-17T12:00:00Z,0.9682,0.9824,0.9541,0.9691,1116711.4,0
2026-02-17T16:00:00Z,0.9693,0.9907,0.9527,0.9687,1201426.7,0
2026-02-17T20:00:00Z,0.9686,0.9748,0.9614,0.9678,502902.1,0
2026-02-18T00:00:00Z,0.9678,0.9735,0.9581,0.9716,319918.8,0
2026-02-18T04:00:00Z,0.9716,0.9797,0.965,0.9765,575044.32319375,0
2026-02-18T08:00:00Z,0.9766,0.9862,0.9598,0.9605,688888.7,0
2026-02-18T12:00:00Z,0.9607,0.9755,0.9446,0.9613,1048684.4,0
2026-02-18T16:00:00Z,0.9614,0.9616,0.9252,0.9326,1001432.5,0
2026-02-18T20:00:00Z,0.9327,0.9374,0.9232,0.9305,519006.0,0
2026-02-19T00:00:00Z,0.9306,0.9397,0.926,0.9363,630207.5,0
2026-02-19T04:00:00Z,0.9364,0.9403,0.9294,0.9333,455673.0,0
2026-02-19T08:00:00Z,0.9333,0.9333,0.9037,0.9153,940483.9,0
2026-02-19T12:00:00Z,0.9154,0.9176,0.8958,0.9048,1252773.8,0
2026-02-19T16:00:00Z,0.9047,0.9194,0.8969,0.9167,865017.8,0
2026-02-19T20:00:00Z,0.9168,0.9292,0.9131,0.9286,418847.3,0
2026-02-20T00:00:00Z,0.9279,0.9429,0.9243,0.9372,673460.5,0
2026-02-20T04:00:00Z,0.9372,0.9452,0.9287,0.9399,639715.6,0
2026-02-20T08:00:00Z,0.9398,0.9591,0.9395,0.9452,667833.6,0
2026-02-20T12:00:00Z,0.9453,0.9672,0.9159,0.9665,1768803.41879767,0
2026-02-20T16:00:00Z,0.9671,0.9776,0.9416,0.9554,1634928.5,0
2026-02-20T20:00:00Z,0.9553,0.9591,0.948,0.9543,319563.9,0
2026-02-21T00:00:00Z,0.9542,0.9548,0.9458,0.9492,424738.9,0
2026-02-21T04:00:00Z,0.9498,0.9564,0.9449,0.9506,394038.0,0
2026-02-21T08:00:00Z,0.9505,0.9647,0.948,0.9606,573894.8,0
2026-02-21T12:00:00Z,0.9611,0.9698,0.9524,0.9586,539420.04399172,0
2026-02-21T16:00:00Z,0.9582,0.9615,0.9443,0.9556,422801.0,0
2026-02-21T20:00:00Z,0.955,0.9558,0.9468,0.9497,429945.7,0
2026-02-22T00:00:00Z,0.9489,0.9493,0.9317,0.938,536879.8,0
2026-02-22T04:00:00Z,0.9378,0.9408,0.9331,0.9347,370566.5,0
2026-02-22T08:00:00Z,0.9346,0.939,0.9303,0.9364,291326.0,0
2026-02-22T12:00:00Z,0.9362,0.9362,0.9167,0.9252,524808.7,0
2026-02-22T16:00:00Z,0.9251,0.928,0.9183,0.9206,441733.8,0
2026-02-22T20:00:00Z,0.9206,0.9268,0.9141,0.9253,373019.1,0
2026-02-23T00:00:00Z,0.9254,0.9262,0.8615,0.8772,2658785.7,0
2026-02-23T04:00:00Z,0.8772,0.8982,0.8681,0.893,624555.2,0
2026-02-23T08:00:00Z,0.8928,0.9113,0.886,0.9043,521871.78541942,0
2026-02-23T12:00:00Z,0.9042,0.9156,0.8841,0.8863,763923.9,0
2026-02-23T16:00:00Z,0.8864,0.8909,0.8655,0.8703,808887.2,0
2026-02-23T20:00:00Z,0.8698,0.8886,0.867,0.8798,1008932.25920229,0
2026-02-24T00:00:00Z,0.8805,0.8891,0.8531,0.8579,1622455.0,0
2026-02-24T04:00:00Z,0.8583,0.8638,0.8506,0.8573,585325.8,0
2026-02-24T08:00:00Z,0.8573,0.8628,0.8526,0.8586,382694.4,0
2026-02-24T12:00:00Z,0.8584,0.8696,0.8416,0.8666,944926.9,0
2026-02-24T16:00:00Z,0.8665,0.8751,0.8611,0.8681,777880.8,0
2026-02-24T20:00:00Z,0.8681,0.8709,0.858,0.8596,507088.2,0
2026-02-25T00:00:00Z,0.8597,0.9057,0.8573,0.881,1313298.7,0
2026-02-25T04:00:00Z,0.8814,0.8851,0.8649,0.8775,558178.0,0
2026-02-25T08:00:00Z,0.8775,0.8982,0.8764,0.8968,451405.1,0
2026-02-25T12:00:00Z,0.8965,0.9508,0.8951,0.9473,1329722.74460212,0
2026-02-25T16:00:00Z,0.9475,1.0012,0.9475,0.9987,1494994.6,0
2026-02-25T20:00:00Z,0.9991,1.0265,0.9579,0.9687,4908949.8,0
2026-02-26T00:00:00Z,0.9685,0.9771,0.9497,0.9641,894988.0,0
2026-02-26T04:00:00Z,0.9639,0.976,0.9497,0.9519,525838.7,0
2026-02-26T08:00:00Z,0.952,0.9684,0.9402,0.942,735033.4,0
2026-02-26T12:00:00Z,0.9424,0.9516,0.9326,0.9426,919491.6,0
2026-02-26T16:00:00Z,0.9428,0.9443,0.9074,0.9325,1629044.7,0
2026-02-26T20:00:00Z,0.9321,0.9408,0.925,0.9375,398892.2,0
2026-02-27T00:00:00Z,0.9376,0.9479,0.9273,0.9447,537134.6,0
2026-02-27T04:00:00Z,0.9446,0.9587,0.9422,0.9519,650153.69131961,0
2026-02-27T08:00:00Z,0.9515,0.9602,0.9131,0.9165,1163975.1,0
2026-02-27T12:00:00Z,0.9166,0.9195,0.9017,0.9141,1110016.3,0
2026-02-27T16:00:00Z,0.9142,0.9152,0.8915,0.8941,679074.9,0
2026-02-27T20:00:00Z,0.8942,0.9014,0.8825,0.8998,739502.2,0
2026-02-28T00:00:00Z,0.8998,0.9052,0.8904,0.8928,947507.3,0
2026-02-28T04:00:00Z,0.8928,0.894,0.8367,0.8505,2135739.4,0
2026-02-28T08:00:00Z,0.85,0.85,0.8264,0.8327,1323073.1,0
2026-02-28T12:00:00Z,0.8329,0.8738,0.8327,0.8579,2008666.8,0
2026-02-28T16:00:00Z,0.8577,0.8933,0.8516,0.886,1365579.5,0
2026-02-28T20:00:00Z,0.8859,0.9183,0.8831,0.9043,4838854.8,0
2026-03-01T00:00:00Z,0.904,0.9493,0.89,0.932,1833588.1,0
2026-03-01T04:00:00Z,0.9316,0.9363,0.9155,0.9243,933877.29985476,0
2026-03-01T08:00:00Z,0.9246,0.9284,0.8978,0.903,1080786.3,0
2026-03-01T12:00:00Z,0.9029,0.9252,0.889,0.91,1420445.9,0
2026-03-01T16:00:00Z,0.9105,0.9177,0.8782,0.8798,2066318.6,0
2026-03-01T20:00:00Z,0.8799,0.8996,0.8664,0.8871,1485887.1,0
2026-03-02T00:00:00Z,0.8875,0.9163,0.8863,0.9097,865089.7,0
2026-03-02T04:00:00Z,0.9091,0.9133,0.8811,0.8882,763083.6,0
2026-03-02T08:00:00Z,0.8886,0.9015,0.8802,0.8935,1059615.5,0
2026-03-02T12:00:00Z,0.8938,0.9582,0.8829,0.9451,2479591.03773117,0
2026-03-02T16:00:00Z,0.9454,0.9676,0.9276,0.9373,6419013.7,0
2026-03-02T20:00:00Z,0.937,0.9443,0.9197,0.9227,1046420.7,0
2026-03-03T00:00:00Z,0.9233,0.928,0.9132,0.9214,756127.5,0
2026-03-03T04:00:00Z,0.9214,0.9275,0.9092,0.9156,709122.4,0
2026-03-03T08:00:00Z,0.9155,0.9193,0.8947,0.9002,922260.2,0
2026-03-03T12:00:00Z,0.9004,0.9134,0.8847,0.9033,937886.6,0
2026-03-03T16:00:00Z,0.9034,0.9261,0.8988,0.9096,1335069.9,0
2026-03-03T20:00:00Z,0.9096,0.9187,0.894,0.9086,697383.5,0
2026-03-04T00:00:00Z,0.9089,0.9162,0.8925,0.9025,646013.6,0
2026-03-04T04:00:00Z,0.9023,0.9178,0.8947,0.9152,730823.8,0
2026-03-04T08:00:00Z,0.9153,0.9582,0.913,0.9336,2478603.9,0
2026-03-04T12:00:00Z,0.9336,0.9783,0.922,0.9777,1652296.49173958,0
2026-03-04T16:00:00Z,0.9777,0.9932,0.9562,0.9807,1982923.7,0
2026-03-04T20:00:00Z,0.9807,0.9828,0.9507,0.9577,857565.8,0
2026-03-05T00:00:00Z,0.9571,0.9588,0.9443,0.949,761597.5,0
2026-03-05T04:00:00Z,0.949,0.9589,0.9426,0.9462,731122.0,0
2026-03-05T08:00:00Z,0.9462,0.976,0.9429,0.969,792853.1,0
2026-03-05T12:00:00Z,0.9693,0.9863,0.9441,0.9511,1254936.9,0
2026-03-05T16:00:00Z,0.951,0.9664,0.9248,0.9561,1910510.7,0
2026-03-05T20:00:00Z,0.9562,0.966,0.9522,0.9537,713027.6,0
2026-03-06T00:00:00Z,0.9539,0.9634,0.9502,0.963,581222.8,0
2026-03-06T04:00:00Z,0.9631,0.9763,0.9462,0.9745,548247.6,0
2026-03-06T08:00:00Z,0.9745,0.9745,0.9383,0.9407,616103.41949705,0
2026-03-06T12:00:00Z,0.9401,0.9426,0.8956,0.8999,1464358.9,0
2026-03-06T16:00:00Z,0.8999,0.9076,0.8909,0.9046,709958.3,0
2026-03-06T20:00:00Z,0.9043,0.9065,0.8969,0.9019,309487.9,0
2026-03-07T00:00:00Z,0.9021,0.9091,0.8978,0.9003,219641.0,0
2026-03-07T04:00:00Z,0.8997,0.9049,0.894,0.9019,318407.9,0
2026-03-07T08:00:00Z,0.9019,0.9138,0.9014,0.9063,370469.0,0
2026-03-07T12:00:00Z,0.9061,0.9071,0.8941,0.8984,449160.6,0
2026-03-07T16:00:00Z,0.8984,0.9059,0.8878,0.8911,507281.5,0
2026-03-07T20:00:00Z,0.891,0.8997,0.8891,0.8951,364195.29539016,0
2026-03-08T00:00:00Z,0.8951,0.896,0.8757,0.881,446079.6,0
2026-03-08T04:00:00Z,0.8809,0.8959,0.8743,0.8931,329158.2,0
2026-03-08T08:00:00Z,0.8929,0.9103,0.8884,0.9,527639.5,0
2026-03-08T12:00:00Z,0.8998,0.9045,0.8812,0.8843,599301.4,0
2026-03-08T16:00:00Z,0.8839,0.8956,0.8769,0.8918,586255.2,0
2026-03-08T20:00:00Z,0.8915,0.8983,0.8654,0.8798,994430.0,0
2026-03-09T00:00:00Z,0.8795,0.9079,0.8793,0.8954,717266.8,0
2026-03-09T04:00:00Z,0.896,0.9188,0.8933,0.9025,779191.1,0
2026-03-09T08:00:00Z,0.9028,0.9179,0.8973,0.9047,483512.4,0
2026-03-09T12:00:00Z,0.9051,0.9351,0.9049,0.9315,4354281.7,0
2026-03-09T16:00:00Z,0.9315,0.9884,0.9283,0.9723,2705845.0,0
2026-03-09T20:00:00Z,0.9723,0.9746,0.939,0.9427,985771.0,0
2026-03-10T00:00:00Z,0.9422,0.9614,0.9363,0.9421,1314319.9,0
2026-03-10T04:00:00Z,0.942,0.9558,0.939,0.9538,551494.9,0
2026-03-10T08:00:00Z,0.954,0.979,0.9521,0.97,741632.0,0
2026-03-10T12:00:00Z,0.9701,1.0101,0.9574,0.9979,2897511.9,0
2026-03-10T16:00:00Z,0.9978,1.0058,0.9577,0.9612,3312539.8,0
2026-03-10T20:00:00Z,0.9609,0.9661,0.9488,0.9573,1500427.6,0
2026-03-11T00:00:00Z,0.9566,0.9618,0.944,0.9501,807953.0,0
2026-03-11T04:00:00Z,0.9499,0.9586,0.9437,0.9489,519551.7,0
2026-03-11T08:00:00Z,0.9491,0.9582,0.9451,0.951,363814.0,0
2026-03-11T12:00:00Z,0.951,0.9888,0.9482,0.9727,1147884.8,0
2026-03-11T16:00:00Z,0.9731,0.9982,0.9692,0.9925,649633.7,0
2026-03-11T20:00:00Z,0.9917,0.995,0.9766,0.9786,393062.6,0
2026-03-12T00:00:00Z,0.9785,0.9811,0.9623,0.9654,996224.4,0
2026-03-12T04:00:00Z,0.9653,0.9799,0.9617,0.9799,415074.4,0
2026-03-12T08:00:00Z,0.98,0.9872,0.9718,0.9774,740631.29728989,0
2026-03-12T12:00:00Z,0.9778,0.9928,0.9592,0.9702,1073708.4,0
2026-03-12T16:00:00Z,0.9697,0.9832,0.9632,0.9794,471276.9,0
2026-03-12T20:00:00Z,0.979,0.9958,0.9713,0.9905,519232.5,0
2026-03-13T00:00:00Z,0.9905,1.0304,0.9866,1.0254,1258537.4,0
2026-03-13T04:00:00Z,1.0251,1.0446,1.0227,1.0284,1130656.4,0
2026-03-13T08:00:00Z,1.0277,1.0524,1.0229,1.0411,1116816.9,0
2026-03-13T12:00:00Z,1.0407,1.0541,1.0104,1.0146,1552462.7,0
2026-03-13T16:00:00Z,1.0142,1.0184,0.9938,1.0014,1028592.8,0
2026-03-13T20:00:00Z,1.0014,1.0092,0.9874,0.9963,726175.6,0
2026-03-14T00:00:00Z,0.9951,0.999,0.9886,0.9981,751311.99162242,0
2026-03-14T04:00:00Z,0.998,1.0033,0.981,0.9862,992136.4,0
2026-03-14T08:00:00Z,0.9858,0.9881,0.9792,0.9865,465078.2,0
2026-03-14T12:00:00Z,0.9865,0.9941,0.9811,0.9875,634634.0,0
2026-03-14T16:00:00Z,0.9873,0.9968,0.9852,0.9871,367444.4,0
2026-03-14T20:00:00Z,0.9872,1.0026,0.9858,1.0011,450630.0,0
2026-03-15T00:00:00Z,1.0012,1.0182,0.9958,1.0123,785209.89997561,0
2026-03-15T04:00:00Z,1.0123,1.0171,0.9984,1.0024,668050.1,0
2026-03-15T08:00:00Z,1.0027,1.0085,1.0007,1.0043,556467.9,0
2026-03-15T12:00:00Z,1.0042,1.0066,0.9928,1.0005,865316.3,0
2026-03-15T16:00:00Z,1.0003,1.0132,0.9979,1.0065,739694.38688641,0
2026-03-15T20:00:00Z,1.006,1.0337,1.0014,1.0239,1534674.2,0
2026-03-16T00:00:00Z,1.0242,1.0499,1.0144,1.0413,1276239.1,0
2026-03-16T04:00:00Z,1.0425,1.0717,1.041,1.0677,1863010.6,0
2026-03-16T08:00:00Z,1.0677,1.0785,1.0463,1.0496,1240137.6,0
2026-03-16T12:00:00Z,1.0494,1.0585,1.0347,1.0463,1712860.8,0
2026-03-16T16:00:00Z,1.0467,1.0651,1.046,1.0613,1147416.8,0
2026-03-16T20:00:00Z,1.0612,1.0844,1.0568,1.0735,966534.9,0
2026-03-17T00:00:00Z,1.0735,1.0834,1.035,1.0402,1307160.89813,0
2026-03-17T04:00:00Z,1.0402,1.0424,1.0222,1.032,804138.9,0
2026-03-17T08:00:00Z,1.0321,1.0349,1.0188,1.0252,816063.1,0
2026-03-17T12:00:00Z,1.0251,1.0335,1.0104,1.0218,898687.1,0
2026-03-17T16:00:00Z,1.0217,1.0393,1.0213,1.0295,1141312.4,0
2026-03-17T20:00:00Z,1.0296,1.0438,1.0276,1.0291,481538.8,0
2026-03-18T00:00:00Z,1.0291,1.049,1.0203,1.046,413948.8,0
2026-03-18T04:00:00Z,1.0461,1.0494,1.0228,1.0281,541071.7,0
2026-03-18T08:00:00Z,1.028,1.0328,0.996,1.0029,743121.1,0
2026-03-18T12:00:00Z,1.0023,1.0049,0.9689,0.9783,1284610.7,0
2026-03-18T16:00:00Z,0.9777,0.9894,0.9717,0.978,808711.6,0
2026-03-18T20:00:00Z,0.9781,0.9894,0.9669,0.9883,680013.3,0
2026-03-19T00:00:00Z,0.988,0.995,0.9759,0.9877,457793.4,0
2026-03-19T04:00:00Z,0.9877,0.9883,0.9536,0.9627,497022.3,0
2026-03-19T08:00:00Z,0.9627,0.968,0.9564,0.9609,417928.6,0
2026-03-19T12:00:00Z,0.9605,0.9606,0.9382,0.9488,805083.2,0
2026-03-19T16:00:00Z,0.9487,0.9636,0.9381,0.9557,516984.0,0
2026-03-19T20:00:00Z,0.9557,0.9628,0.9547,0.9589,1750620.0,0
2026-03-20T00:00:00Z,0.9587,0.9696,0.9586,0.9657,689913.0,0
2026-03-20T04:00:00Z,0.9658,0.98,0.9616,0.9756,816030.9,0
2026-03-20T08:00:00Z,0.9756,0.9851,0.9658,0.9711,509951.2,0
2026-03-20T12:00:00Z,0.9718,0.975,0.9545,0.961,607812.9,0
2026-03-20T16:00:00Z,0.961,0.9648,0.9489,0.958,329248.2,0
2026-03-20T20:00:00Z,0.9583,0.9716,0.9523,0.9679,510311.2,0
2026-03-21T00:00:00Z,0.9681,0.9714,0.9632,0.9669,223725.0,0
2026-03-21T04:00:00Z,0.9666,0.9716,0.962,0.9631,225052.2,0
2026-03-21T08:00:00Z,0.9636,0.9681,0.9605,0.9611,195722.4,0
2026-03-21T12:00:00Z,0.961,0.9681,0.96,0.9667,855827.9,0
2026-03-21T16:00:00Z,0.9667,0.9669,0.9605,0.9624,689211.4,0
2026-03-21T20:00:00Z,0.9623,0.965,0.9252,0.9329,744566.4,0
2026-03-22T00:00:00Z,0.9322,0.9463,0.9165,0.9391,1086473.62678304,0
2026-03-22T04:00:00Z,0.9389,0.9445,0.929,0.9294,376128.8,0
2026-03-22T08:00:00Z,0.9293,0.931,0.9188,0.9191,561034.8,0
2026-03-22T12:00:00Z,0.919,0.9288,0.9189,0.9257,422370.7,0
2026-03-22T16:00:00Z,0.9259,0.9259,0.9076,0.9106,434863.9,0
2026-03-22T20:00:00Z,0.9111,0.9148,0.8937,0.9054,1479137.2,0
2026-03-23T00:00:00Z,0.9054,0.9186,0.8995,0.9092,411043.9,0
2026-03-23T04:00:00Z,0.9094,0.9178,0.891,0.8997,645014.7,0
2026-03-23T08:00:00Z,0.9001,0.9664,0.892,0.9411,5989350.4,0
2026-03-23T12:00:00Z,0.9413,0.9712,0.9333,0.9524,1188912.5,0
2026-03-23T16:00:00Z,0.9524,0.9667,0.944,0.9565,778269.3,0
2026-03-23T20:00:00Z,0.9565,0.963,0.9463,0.9532,601221.9,0
2026-03-24T00:00:00Z,0.953,0.9554,0.9375,0.9416,380090.9,0
2026-03-24T04:00:00Z,0.9417,0.9591,0.9361,0.9573,529878.6,0
2026-03-24T08:00:00Z,0.9578,0.9615,0.9485,0.9542,480853.2,0
2026-03-24T12:00:00Z,0.9544,0.9544,0.9309,0.9413,641843.1,0
2026-03-24T16:00:00Z,0.9409,0.9438,0.9286,0.932,511821.4,0
2026-03-24T20:00:00Z,0.9316,0.9555,0.9315,0.9532,629272.7,0
2026-03-25T00:00:00Z,0.9528,0.9591,0.9441,0.9532,433186.9,0
2026-03-25T04:00:00Z,0.9534,0.9648,0.9515,0.9596,308104.9,0
2026-03-25T08:00:00Z,0.9596,0.9755,0.9589,0.9674,620707.07436211,0
2026-03-25T12:00:00Z,0.9675,0.9742,0.9508,0.9558,753159.5,0
2026-03-25T16:00:00Z,0.9561,0.9679,0.9527,0.9661,397163.7,0
2026-03-25T20:00:00Z,0.9672,0.975,0.9587,0.9689,480986.7,0
2026-03-26T00:00:00Z,0.9687,0.9722,0.9497,0.9534,561591.1,0
2026-03-26T04:00:00Z,0.9533,0.9533,0.9367,0.94,325942.5,0
2026-03-26T08:00:00Z,0.9399,0.9418,0.9215,0.9249,437988.1604101,0
2026-03-26T12:00:00Z,0.9241,0.9364,0.9109,0.9149,391989.8,0
2026-03-26T16:00:00Z,0.9147,0.9192,0.9094,0.9152,321305.3,0
2026-03-26T20:00:00Z,0.9152,0.9335,0.9133,0.9263,671915.4,0
2026-03-27T00:00:00Z,0.9248,0.9328,0.9222,0.9263,164962.1,0
2026-03-27T04:00:00Z,0.9264,0.9294,0.919,0.9221,215430.2,0
2026-03-27T08:00:00Z,0.9221,0.9246,0.8868,0.895,850277.4,0
2026-03-27T12:00:00Z,0.8949,0.9009,0.8837,0.8904,571514.5,0
2026-03-27T16:00:00Z,0.8905,0.8956,0.8719,0.8741,438214.2,0
2026-03-27T20:00:00Z,0.8741,0.8811,0.8697,0.8809,260519.7,0
2026-03-28T00:00:00Z,0.8807,0.8823,0.8709,0.8763,130525.6,0
2026-03-28T04:00:00Z,0.8762,0.8845,0.874,0.8842,226523.3,0
2026-03-28T08:00:00Z,0.8842,0.8888,0.8811,0.8836,151950.0,0
2026-03-28T12:00:00Z,0.8837,0.8995,0.8806,0.8857,1066741.3,0
2026-03-28T16:00:00Z,0.8859,0.8898,0.8817,0.8838,183054.3,0
2026-03-28T20:00:00Z,0.8847,0.8875,0.8361,0.8595,434894.2,0
2026-03-29T00:00:00Z,0.8586,0.8711,0.8536,0.87,301239.1,0
2026-03-29T04:00:00Z,0.8703,0.8707,0.8634,0.8646,260283.3,0
2026-03-29T08:00:00Z,0.8643,0.8652,0.8558,0.8612,251242.4466115,0
2026-03-29T12:00:00Z,0.8602,0.8604,0.8401,0.8458,521617.9,0
2026-03-29T16:00:00Z,0.8454,0.8499,0.838,0.8389,294641.1,0
2026-03-29T20:00:00Z,0.8385,0.8479,0.8202,0.8467,768209.3,0
2026-03-30T00:00:00Z,0.8472,0.8771,0.847,0.8703,498093.1,0
2026-03-30T04:00:00Z,0.8703,0.8845,0.8694,0.8825,415799.5,0
2026-03-30T08:00:00Z,0.8829,0.8933,0.8762,0.8853,457464.45892145,0
2026-03-30T12:00:00Z,0.8863,0.8907,0.8762,0.8815,597371.2,0
2026-03-30T16:00:00Z,0.8816,0.8834,0.8563,0.8618,309029.4861106611,0
2026-03-30T20:00:00Z,0.8614,0.8718,0.8595,0.8634,213492.8,0
2026-03-31T00:00:00Z,0.8643,0.8876,0.8612,0.8744,249597.4,0
2026-03-31T04:00:00Z,0.8753,0.8777,0.867,0.8718,189698.6,0
2026-03-31T08:00:00Z,0.8717,0.8732,0.8527,0.8586,655162.9,0
2026-03-31T12:00:00Z,0.8594,0.8778,0.8575,0.8586,526961.9,0
2026-03-31T16:00:00Z,0.8587,0.889,0.8575,0.8783,685028.2,0
2026-03-31T20:00:00Z,0.8777,0.8817,0.8704,0.8784,141365.5,0
2026-04-01T00:00:00Z,0.8782,0.8837,0.8717,0.8819,196181.8,0
2026-04-01T04:00:00Z,0.8819,0.9053,0.8786,0.8976,379438.4,0
2026-04-01T08:00:00Z,0.8987,0.9029,0.8871,0.8915,334897.2,0
2026-04-01T12:00:00Z,0.8916,0.9017,0.885,0.9015,506586.6,0
2026-04-01T16:00:00Z,0.9017,0.9146,0.8917,0.8958,336462.6,0
2026-04-01T20:00:00Z,0.895,0.8969,0.8809,0.8824,228347.9,0
2026-04-02T00:00:00Z,0.882,0.8941,0.855,0.859,774308.5,0
2026-04-02T04:00:00Z,0.8586,0.8705,0.8535,0.8639,278599.7,0
2026-04-02T08:00:00Z,0.8634,0.8634,0.846,0.8505,358923.77220309,0
2026-04-02T12:00:00Z,0.8503,0.8654,0.8421,0.8585,589516.7,0
2026-04-02T16:00:00Z,0.8583,0.8692,0.8517,0.8605,265169.4,0
2026-04-02T20:00:00Z,0.8602,0.8668,0.859,0.8612,158908.4,0
2026-04-03T00:00:00Z,0.8616,0.8677,0.8571,0.8649,172115.1,0
2026-04-03T04:00:00Z,0.8655,0.8764,0.8633,0.8748,143834.4,0
2026-04-03T08:00:00Z,0.8758,0.8803,0.8724,0.878,167540.8,0
2026-04-03T12:00:00Z,0.8781,0.8857,0.8655,0.8697,373651.7,0
2026-04-03T16:00:00Z,0.8695,0.8793,0.8694,0.8737,351101.4,0
2026-04-03T20:00:00Z,0.8747,0.878,0.8708,0.8735,157574.6,0
2026-04-04T00:00:00Z,0.8739,0.8739,0.8646,0.8697,96962.4,0
2026-04-04T04:00:00Z,0.8696,0.8749,0.869,0.8715,73710.0,0
2026-04-04T08:00:00Z,0.8717,0.872,0.8657,0.872,258708.0,0
2026-04-04T12:00:00Z,0.872,0.8733,0.8616,0.8698,350611.9,0
2026-04-04T16:00:00Z,0.8698,0.876,0.8645,0.8702,180064.6,0
2026-04-04T20:00:00Z,0.8708,0.8797,0.8665,0.8716,420804.2,0
2026-04-05T00:00:00Z,0.8723,0.8724,0.8633,0.8648,100159.3,0
2026-04-05T04:00:00Z,0.8641,0.8645,0.8491,0.852,283893.9,0
2026-04-05T08:00:00Z,0.851,0.8574,0.8493,0.8509,128384.6,0
2026-04-05T12:00:00Z,0.85,0.8592,0.8416,0.8496,265438.7,0
2026-04-05T16:00:00Z,0.8499,0.8535,0.8457,0.8493,135324.9,0
2026-04-05T20:00:00Z,0.8492,0.8726,0.8374,0.8707,590401.4,0
2026-04-06T00:00:00Z,0.8712,0.8934,0.8712,0.8857,448605.1,0
2026-04-06T04:00:00Z,0.8881,0.8979,0.8797,0.8862,278175.79998036,0
2026-04-06T08:00:00Z,0.8866,0.9229,0.8855,0.9044,819290.3,0
2026-04-06T12:00:00Z,0.9047,0.9108,0.8952,0.9004,407527.5,0
2026-04-06T16:00:00Z,0.9004,0.902,0.8881,0.8939,218629.5,0
2026-04-06T20:00:00Z,0.8944,0.8972,0.8691,0.8714,293567.2,0
2026-04-07T00:00:00Z,0.8708,0.8752,0.8632,0.8731,208655.1,0
2026-04-07T04:00:00Z,0.8732,0.8783,0.866,0.8732,148699.5,0
2026-04-07T08:00:00Z,0.8731,0.8864,0.8651,0.8676,498149.4,0
2026-04-07T12:00:00Z,0.8668,0.8733,0.8591,0.8668,582272.1,0
2026-04-07T16:00:00Z,0.8667,0.8914,0.8634,0.8914,437814.0,0
2026-04-07T20:00:00Z,0.8915,0.9767,0.8907,0.9601,2372089.0,0
2026-04-08T00:00:00Z,0.9597,0.9784,0.953,0.9588,725693.5,0
2026-04-08T04:00:00Z,0.9593,0.967,0.9496,0.952,329190.5,0
2026-04-08T08:00:00Z,0.9526,0.9548,0.9379,0.9472,284383.1,0
2026-04-08T12:00:00Z,0.9473,0.9537,0.9204,0.9337,883233.3,0
2026-04-08T16:00:00Z,0.9343,0.9367,0.9163,0.922,439266.1,0
2026-04-08T20:00:00Z,0.922,0.9293,0.9112,0.9145,323584.9,0
2026-04-09T00:00:00Z,0.9134,0.9135,0.9002,0.9093,272676.2,0
2026-04-09T04:00:00Z,0.9087,0.9136,0.9068,0.9093,163273.4,0
2026-04-09T08:00:00Z,0.909,0.9164,0.9053,0.9075,309571.0,0
2026-04-09T12:00:00Z,0.9076,0.9385,0.9047,0.9323,884770.8,0
2026-04-09T16:00:00Z,0.9327,0.9451,0.9263,0.9409,1017857.1,0
2026-04-09T20:00:00Z,0.941,0.97,0.9272,0.9303,3890191.8,0
2026-04-10T00:00:00Z,0.9304,0.9367,0.9223,0.9292,562828.2,0
2026-04-10T04:00:00Z,0.9292,0.9464,0.9273,0.9276,443532.2,0
2026-04-10T08:00:00Z,0.9276,0.9387,0.925,0.9352,564144.5,0
2026-04-10T12:00:00Z,0.9343,0.9531,0.9321,0.9449,1201760.4,0
2026-04-10T16:00:00Z,0.9458,0.961,0.9421,0.9587,1158581.0,0
2026-04-10T20:00:00Z,0.9587,0.9598,0.9425,0.9439,667157.1,0
2026-04-11T00:00:00Z,0.9439,0.9448,0.9348,0.9372,321031.8,0
2026-04-11T04:00:00Z,0.9368,0.9393,0.93,0.933,272319.8,0
2026-04-11T08:00:00Z,0.9329,0.9376,0.9321,0.9334,160352.9,0
2026-04-11T12:00:00Z,0.9334,0.9369,0.9275,0.9361,195287.8,0
2026-04-11T16:00:00Z,0.9362,0.9629,0.936,0.9621,432053.9,0
2026-04-11T20:00:00Z,0.9626,0.9638,0.9379,0.9406,548652.0,0
2026-04-12T00:00:00Z,0.9413,0.9437,0.9055,0.9125,758373.3,0
2026-04-12T04:00:00Z,0.9125,0.9166,0.9078,0.9135,168462.2997715,0
2026-04-12T08:00:00Z,0.9129,0.9156,0.907,0.9121,525830.5,0
2026-04-12T12:00:00Z,0.911,0.9137,0.8973,0.9002,512631.4,0
2026-04-12T16:00:00Z,0.9001,0.9119,0.8999,0.9068,283565.2,0
2026-04-12T20:00:00Z,0.9067,0.9135,0.899,0.901,296863.7,0
2026-04-13T00:00:00Z,0.901,0.911,0.9001,0.907,160958.3,0
2026-04-13T04:00:00Z,0.9068,0.912,0.9,0.9016,124795.2,0
2026-04-13T08:00:00Z,0.9012,0.906,0.8986,0.9044,275943.6,0
2026-04-13T12:00:00Z,0.9038,0.9231,0.9018,0.913,1289030.7,0
2026-04-13T16:00:00Z,0.9128,0.9381,0.908,0.9356,739272.8,0
2026-04-13T20:00:00Z,0.936,0.9609,0.9265,0.9598,1529723.9,0
2026-04-14T00:00:00Z,0.9602,0.9614,0.9452,0.9489,521057.8,0
2026-04-14T04:00:00Z,0.9485,0.9506,0.939,0.9449,374643.7,0
2026-04-14T08:00:00Z,0.9447,0.9535,0.9423,0.949,336768.4,0
2026-04-14T12:00:00Z,0.9482,0.9629,0.9396,0.9435,944116.9,0
2026-04-14T16:00:00Z,0.9436,0.949,0.9246,0.9319,624699.8,0
2026-04-14T20:00:00Z,0.9321,0.9346,0.9276,0.9329,246095.4,0
2026-04-15T00:00:00Z,0.933,0.9442,0.933,0.9396,368599.2,0
2026-04-15T04:00:00Z,0.9415,0.9441,0.9262,0.9285,447660.8,0
2026-04-15T08:00:00Z,0.9287,0.9486,0.9283,0.9448,291694.7,0
2026-04-15T12:00:00Z,0.9453,0.9545,0.9417,0.9459,604178.1,0
2026-04-15T16:00:00Z,0.9457,0.9739,0.9451,0.968,579641.0,0
2026-04-15T20:00:00Z,0.968,0.9735,0.9554,0.9586,506147.1,0
2026-04-16T00:00:00Z,0.9591,0.9773,0.9533,0.9741,643902.6,0
2026-04-16T04:00:00Z,0.9743,0.99,0.9632,0.9716,1076690.7,0
2026-04-16T08:00:00Z,0.971,0.9843,0.964,0.9698,703603.2,0
2026-04-16T12:00:00Z,0.97,0.9946,0.9526,0.9855,1800623.2,0
2026-04-16T16:00:00Z,0.9857,1.0045,0.9708,1.0036,1204787.3,0
2026-04-16T20:00:00Z,1.0036,1.0135,0.9844,1.0006,1126510.3,0
2026-04-17T00:00:00Z,1.0,1.0056,0.9819,0.9881,411314.8,0
2026-04-17T04:00:00Z,0.9883,0.9947,0.9747,0.9925,338959.5,0
2026-04-17T08:00:00Z,0.9924,1.0055,0.9835,1.0,723747.3,0
2026-04-17T12:00:00Z,1.0005,1.0435,0.9965,1.025,1954177.0,0
2026-04-17T16:00:00Z,1.0252,1.0346,1.0094,1.0136,771704.7,0
2026-04-17T20:00:00Z,1.014,1.0187,0.9955,0.9969,570239.8000000002,0
2026-04-18T00:00:00Z,0.9965,1.0024,0.9911,0.997,269876.29975734,0
2026-04-18T04:00:00Z,0.9973,1.0095,0.9952,1.0057,244618.6,0
2026-04-18T08:00:00Z,1.0057,1.0068,0.9579,0.9617,816481.7,0
2026-04-18T12:00:00Z,0.9614,0.9719,0.9595,0.9671,445580.26512384,0
2026-04-18T16:00:00Z,0.9666,0.9686,0.9508,0.9555,387645.5,0
2026-04-18T20:00:00Z,0.9551,0.9637,0.9528,0.9563,396603.1,0
2026-04-19T00:00:00Z,0.9566,0.9582,0.9428,0.9479,402589.5,0
2026-04-19T04:00:00Z,0.9479,0.9515,0.9368,0.9455,397765.1,0
2026-04-19T08:00:00Z,0.9447,0.9555,0.9396,0.9549,275392.4,0
2026-04-19T12:00:00Z,0.9546,0.9714,0.9469,0.9588,553975.1,0
2026-04-19T16:00:00Z,0.9589,0.9599,0.9349,0.9447,575196.9,0
2026-04-19T20:00:00Z,0.9444,0.9444,0.9168,0.9227,693043.4,0
2026-04-20T00:00:00Z,0.9226,0.9402,0.9211,0.9387,264113.8,0
2026-04-20T04:00:00Z,0.9391,0.9539,0.9282,0.9436,363372.1,0
2026-04-20T08:00:00Z,0.9444,0.9464,0.9343,0.9421,557568.3,0
2026-04-20T12:00:00Z,0.9424,0.9495,0.9311,0.9445,701329.0,0
2026-04-20T16:00:00Z,0.9446,0.9536,0.939,0.9481,460671.7,0
2026-04-20T20:00:00Z,0.9475,0.9557,0.9416,0.9447,378941.0,0
2026-04-21T00:00:00Z,0.9448,0.9512,0.9375,0.9425,227620.8,0
2026-04-21T04:00:00Z,0.9421,0.9515,0.9408,0.9489,165664.4,0
2026-04-21T08:00:00Z,0.9481,0.9628,0.9479,0.9558,510824.0,0
2026-04-21T12:00:00Z,0.9558,0.9585,0.9407,0.9457,581281.86934941,0
2026-04-21T16:00:00Z,0.9466,0.9489,0.9265,0.9295,969601.6,0
2026-04-21T20:00:00Z,0.9296,0.9501,0.9294,0.9493,433480.8,0
2026-04-22T00:00:00Z,0.9493,0.9651,0.9442,0.9621,629170.5,0
2026-04-22T04:00:00Z,0.9618,0.9762,0.9574,0.9682,537670.1,0
2026-04-22T08:00:00Z,0.9677,0.9756,0.9657,0.9702,290672.5,0
2026-04-22T12:00:00Z,0.9711,0.9759,0.9645,0.9705,607432.2,0
2026-04-22T16:00:00Z,0.9706,0.9729,0.9532,0.9587,460494.3,0
2026-04-22T20:00:00Z,0.9586,0.9605,0.9438,0.9445,208993.4,0
2026-04-23T00:00:00Z,0.9448,0.9468,0.9282,0.933,770702.0,0
2026-04-23T04:00:00Z,0.932,0.9454,0.932,0.9392,416182.7,0
2026-04-23T08:00:00Z,0.9383,0.9427,0.931,0.9389,429254.1,0
2026-04-23T12:00:00Z,0.9385,0.9543,0.9362,0.949,423812.6,0
2026-04-23T16:00:00Z,0.9492,0.9495,0.924,0.9342,791663.7,0
2026-04-23T20:00:00Z,0.934,0.9475,0.9339,0.9458,435945.6,0
2026-04-24T00:00:00Z,0.9461,0.9537,0.9385,0.9432,308789.5,0
2026-04-24T04:00:00Z,0.9434,0.947,0.9369,0.9423,216069.4,0
2026-04-24T08:00:00Z,0.9431,0.9521,0.9393,0.9505,420046.37547018105,0
2026-04-24T12:00:00Z,0.95,0.9536,0.9427,0.9526,524086.8,0
2026-04-24T16:00:00Z,0.9529,0.9535,0.9461,0.9507,314785.9,0
2026-04-24T20:00:00Z,0.9512,0.9558,0.943,0.9457,331386.2,0
2026-04-25T00:00:00Z,0.9457,0.9526,0.9437,0.9507,164205.3,0
2026-04-25T04:00:00Z,0.951,0.953,0.942,0.9504,175963.2,0
2026-04-25T08:00:00Z,0.9493,0.9547,0.9441,0.9457,99393.1,0
2026-04-25T12:00:00Z,0.9459,0.9481,0.9393,0.9413,245974.6,0
2026-04-25T16:00:00Z,0.9411,0.9435,0.9317,0.9328,212626.6,0
2026-04-25T20:00:00Z,0.933,0.9395,0.9315,0.9387,283331.9,0
2026-04-26T00:00:00Z,0.9387,0.9388,0.9321,0.9355,60383.3,0
2026-04-26T04:00:00Z,0.9351,0.9477,0.9337,0.9476,179260.57856623,0
2026-04-26T08:00:00Z,0.9478,0.9498,0.941,0.9483,269929.8,0
2026-04-26T12:00:00Z,0.9487,0.949,0.9404,0.9471,216918.8,0
2026-04-26T16:00:00Z,0.9469,0.9501,0.9396,0.946,142450.1998307,0
2026-04-26T20:00:00Z,0.946,0.951,0.938,0.9457,573280.6,0
2026-04-27T00:00:00Z,0.9454,0.9611,0.942,0.9567,487004.0,0
2026-04-27T04:00:00Z,0.9568,0.9635,0.9245,0.9251,671020.3,0
2026-04-27T08:00:00Z,0.925,0.9325,0.9225,0.9296,444467.1,0
2026-04-27T12:00:00Z,0.93,0.9398,0.9183,0.9212,4543266.3,0
2026-04-27T16:00:00Z,0.9211,0.9276,0.9185,0.9227,349182.09119172,0
2026-04-27T20:00:00Z,0.9233,0.9362,0.9228,0.9358,252291.59008616,0
2026-04-28T00:00:00Z,0.9354,0.9356,0.9257,0.9303,152237.4,0
2026-04-28T04:00:00Z,0.9301,0.9359,0.9207,0.9262,234578.2,0
2026-04-28T08:00:00Z,0.9262,0.9319,0.9176,0.9184,149060.8,0
2026-04-28T12:00:00Z,0.9183,0.9262,0.9131,0.9203,506646.79999962,0
2026-04-28T16:00:00Z,0.9201,0.9288,0.9168,0.9274,330911.3,0
2026-04-28T20:00:00Z,0.9276,0.929,0.9228,0.9258,281123.2,0
2026-04-29T00:00:00Z,0.9254,0.933,0.9215,0.9319,236772.3,0
2026-04-29T04:00:00Z,0.9329,0.9379,0.9281,0.9308,178355.14941869,0
2026-04-29T08:00:00Z,0.931,0.9377,0.9258,0.9298,650841.4,0
2026-04-29T12:00:00Z,0.9296,0.9298,0.8988,0.9019,956394.8,0
2026-04-29T16:00:00Z,0.9017,0.9102,0.8819,0.898,768730.7,0
2026-04-29T20:00:00Z,0.8983,0.9092,0.8977,0.9071,300962.6,0
2026-04-30T00:00:00Z,0.9073,0.9186,0.9059,0.9114,258774.9,0
2026-04-30T04:00:00Z,0.9119,0.9119,0.8988,0.9096,153793.6,0
2026-04-30T08:00:00Z,0.9102,0.9129,0.9029,0.9067,490447.49920624,0
2026-04-30T12:00:00Z,0.9068,0.9107,0.9014,0.9085,349061.2,0
2026-04-30T16:00:00Z,0.9076,0.9099,0.9049,0.9076,212459.4,0
2026-04-30T20:00:00Z,0.9071,0.9089,0.9041,0.9083,323867.1,0
2026-05-01T00:00:00Z,0.9083,0.9208,0.9071,0.9161,620160.0,0
2026-05-01T04:00:00Z,0.9165,0.9198,0.9126,0.9153,184954.9,0
2026-05-01T08:00:00Z,0.9153,0.9177,0.9094,0.9144,203587.7067662858,0
2026-05-01T12:00:00Z,0.9144,0.9278,0.9129,0.9251,748197.3,0
2026-05-01T16:00:00Z,0.9254,0.9272,0.9216,0.9241,223384.68691059,0
2026-05-01T20:00:00Z,0.9243,0.9246,0.9165,0.9188,476234.8,0
2026-05-02T00:00:00Z,0.9192,0.9218,0.9165,0.9199,169448.2,0
2026-05-02T04:00:00Z,0.9198,0.9207,0.9145,0.9173,197197.9,0
2026-05-02T08:00:00Z,0.9174,0.9208,0.916,0.9166,314417.1,0
2026-05-02T12:00:00Z,0.9166,0.9287,0.9166,0.9266,270415.9,0
2026-05-02T16:00:00Z,0.9267,0.928,0.9212,0.9269,311957.2,0
2026-05-02T20:00:00Z,0.9269,0.9338,0.9257,0.9276,220837.9,0
2026-05-03T00:00:00Z,0.9278,0.9282,0.9136,0.917,173850.6,0
2026-05-03T04:00:00Z,0.9168,0.9189,0.9121,0.9173,98141.1,0
2026-05-03T08:00:00Z,0.9171,0.925,0.9164,0.9215,197504.2,0
2026-05-03T12:00:00Z,0.9221,0.9302,0.9217,0.9254,503736.8,0
2026-05-03T16:00:00Z,0.9255,0.927,0.9207,0.9254,191233.0,0
2026-05-03T20:00:00Z,0.9252,0.9301,0.9187,0.9202,524105.1,0
2026-05-04T00:00:00Z,0.9199,0.9421,0.913,0.941,556416.1,0
2026-05-04T04:00:00Z,0.9414,0.9584,0.9354,0.94,495745.2,0
2026-05-04T08:00:00Z,0.9397,0.95,0.9196,0.9275,867816.9,0
2026-05-04T12:00:00Z,0.9271,0.9416,0.9226,0.9295,1458444.9,0
2026-05-04T16:00:00Z,0.9295,0.9428,0.9241,0.9354,585950.9,0
2026-05-04T20:00:00Z,0.9356,0.9384,0.928,0.9289,401993.8,0
2026-05-05T00:00:00Z,0.9295,0.9439,0.9282,0.9413,231797.5,0
2026-05-05T04:00:00Z,0.9417,0.9502,0.9393,0.9458,324878.1,0
2026-05-05T08:00:00Z,0.9458,0.9559,0.9453,0.9556,223227.76414889,0
2026-05-05T12:00:00Z,0.9556,0.9823,0.955,0.9629,1106732.4,0
2026-05-05T16:00:00Z,0.9631,0.9672,0.9562,0.9619,538009.7,0
2026-05-05T20:00:00Z,0.9625,0.9792,0.962,0.9666,894337.3,0
2026-05-06T00:00:00Z,0.967,0.9902,0.9627,0.9888,253337.2,0
2026-05-06T04:00:00Z,0.9892,0.9975,0.9771,0.9933,358676.6,0
2026-05-06T08:00:00Z,0.9931,1.034,0.9915,1.0301,2426010.3,0
2026-05-06T12:00:00Z,1.0301,1.0335,0.977,0.9913,4883283.0,0
2026-05-06T16:00:00Z,0.9915,0.9982,0.9855,0.9925,321727.0,0
2026-05-06T20:00:00Z,0.9935,1.0023,0.9858,0.9923,377892.4,0
2026-05-07T00:00:00Z,0.9927,0.9939,0.9654,0.9687,494795.7,0
2026-05-07T04:00:00Z,0.9684,1.0131,0.9684,1.0045,454505.8,0
2026-05-07T08:00:00Z,1.004,1.0048,0.9833,0.9935,539800.2,0
2026-05-07T12:00:00Z,0.9933,1.0026,0.9652,0.9724,958880.5,0
2026-05-07T16:00:00Z,0.9724,0.9785,0.9606,0.9694,492490.5,0
2026-05-07T20:00:00Z,0.9703,0.9766,0.9574,0.9685,350403.3,0
2026-05-08T00:00:00Z,0.9684,0.9706,0.9576,0.9638,205383.0,0
2026-05-08T04:00:00Z,0.9643,0.9686,0.958,0.9681,133688.6,0
2026-05-08T08:00:00Z,0.9685,0.9852,0.968,0.9829,580216.5,0
2026-05-08T12:00:00Z,0.9832,1.0148,0.9726,1.0116,927258.7,0
2026-05-08T16:00:00Z,1.0123,1.0366,1.003,1.0241,1021766.3,0
2026-05-08T20:00:00Z,1.0246,1.0296,1.0155,1.0211,991760.0,0
2026-05-09T00:00:00Z,1.0211,1.1062,1.0177,1.0843,2462874.2,0
2026-05-09T04:00:00Z,1.0833,1.09,1.0641,1.0723,623568.6,0
2026-05-09T08:00:00Z,1.0724,1.0788,1.0398,1.0545,986744.8,0
2026-05-09T12:00:00Z,1.0539,1.059,1.045,1.0495,557922.5,0
2026-05-09T16:00:00Z,1.0495,1.0701,1.0449,1.0701,399127.7,0
2026-05-09T20:00:00Z,1.0701,1.0779,1.0644,1.0704,400751.3,0
2026-05-10T00:00:00Z,1.0704,1.1151,1.0652,1.0884,1496860.7,0
2026-05-10T04:00:00Z,1.0891,1.0972,1.0718,1.0927,501245.3,0
2026-05-10T08:00:00Z,1.0925,1.1517,1.0913,1.149,2488790.2724659,0
2026-05-10T12:00:00Z,1.1495,1.2276,1.1194,1.2259,3245745.4,0
2026-05-10T16:00:00Z,1.2257,1.4135,1.2171,1.3844,8454372.36055388,0
2026-05-10T20:00:00Z,1.3843,1.3899,1.3105,1.3327,3705598.68559975,0
2026-05-11T00:00:00Z,1.3324,1.351,1.2856,1.3104,2982540.9,0
2026-05-11T04:00:00Z,1.3102,1.332,1.2544,1.2836,2187468.97187856,0
2026-05-11T08:00:00Z,1.284,1.2869,1.2471,1.2724,1362124.99739146,0
2026-05-11T12:00:00Z,1.2729,1.2966,1.2525,1.2776,1598668.7,0
2026-05-11T16:00:00Z,1.2775,1.3284,1.2756,1.3099,1918642.2,0
2026-05-11T20:00:00Z,1.3102,1.3157,1.2849,1.2912,1325941.1,0
2026-05-12T00:00:00Z,1.291,1.3138,1.2681,1.2873,1016284.4,0
2026-05-12T04:00:00Z,1.2876,1.3092,1.2705,1.2772,838965.7,0
2026-05-12T08:00:00Z,1.2773,1.2837,1.2308,1.2355,1313548.8,0
2026-05-12T12:00:00Z,1.2351,1.2802,1.2121,1.227,1892537.1,0
2026-05-12T16:00:00Z,1.2263,1.273,1.2222,1.2566,1284037.9,0
2026-05-12T20:00:00Z,1.2565,1.2582,1.2348,1.2386,392263.8,0
2026-05-13T00:00:00Z,1.2387,1.2587,1.232,1.2524,650314.6,0
2026-05-13T04:00:00Z,1.2519,1.2656,1.2253,1.2509,769850.39294492,0
2026-05-13T08:00:00Z,1.251,1.2541,1.226,1.2293,516819.6,0
2026-05-13T12:00:00Z,1.2284,1.2324,1.1781,1.1857,1569727.5,0
2026-05-13T16:00:00Z,1.1859,1.2284,1.1853,1.2093,860548.1,0
2026-05-13T20:00:00Z,1.2091,1.2122,1.1918,1.2088,422246.2,0
2026-05-14T00:00:00Z,1.2077,1.2185,1.1931,1.1956,407260.3,0
2026-05-14T04:00:00Z,1.1961,1.2268,1.1884,1.1899,816473.3,0
2026-05-14T08:00:00Z,1.1904,1.2087,1.1862,1.1907,389876.3,0
2026-05-14T12:00:00Z,1.1903,1.2307,1.1886,1.2167,1268991.6,0
2026-05-14T16:00:00Z,1.2167,1.2258,1.1943,1.2056,1101942.5,0
2026-05-14T20:00:00Z,1.206,1.2069,1.1866,1.1881,400388.3,0
2026-05-15T00:00:00Z,1.1881,1.1994,1.1726,1.1782,741850.89985184,0
2026-05-15T04:00:00Z,1.1772,1.18,1.1465,1.1549,966362.9,0
2026-05-15T08:00:00Z,1.155,1.1553,1.1292,1.1325,701229.99751832,0
2026-05-15T12:00:00Z,1.1324,1.1343,1.0815,1.0887,2264628.8,0
2026-05-15T16:00:00Z,1.0885,1.1092,1.0829,1.1018,867614.39239083,0
2026-05-15T20:00:00Z,1.1013,1.1017,1.0925,1.0996,290595.99350138,0
2026-05-16T00:00:00Z,1.0995,1.1072,1.0854,1.0935,342534.1,0
2026-05-16T04:00:00Z,1.0934,1.0958,1.0532,1.0703,761421.6,0
2026-05-16T08:00:00Z,1.0702,1.0731,1.0366,1.0454,1241427.6,0
2026-05-16T12:00:00Z,1.0455,1.0717,1.0429,1.0672,441827.3,0
2026-05-16T16:00:00Z,1.067,1.072,1.0617,1.0638,153001.7,0
2026-05-16T20:00:00Z,1.0642,1.0718,1.0606,1.0609,271340.3,0
2026-05-17T00:00:00Z,1.0611,1.0652,1.0468,1.0589,297134.2,0
2026-05-17T04:00:00Z,1.0589,1.0858,1.0551,1.0732,851236.5,0
2026-05-17T08:00:00Z,1.0735,1.0895,1.0675,1.0726,1469103.4,0
2026-05-17T12:00:00Z,1.0727,1.0732,1.0546,1.0661,1110142.2,0
2026-05-17T16:00:00Z,1.0662,1.0748,1.0571,1.0742,693048.4,0
2026-05-17T20:00:00Z,1.0739,1.0747,1.0109,1.0438,5659986.8,0
2026-05-18T00:00:00Z,1.0438,1.0558,1.0296,1.0442,704194.8,0
2026-05-18T04:00:00Z,1.0442,1.0511,1.0269,1.0355,552848.1,0
2026-05-18T08:00:00Z,1.0359,1.0519,1.0263,1.0442,545358.8,0
2026-05-18T12:00:00Z,1.0445,1.061,1.0201,1.0316,1518450.7,0
2026-05-18T16:00:00Z,1.0316,1.0531,1.0262,1.0512,539767.7,0
2026-05-18T20:00:00Z,1.0522,1.0661,1.0474,1.0645,412279.5,0
2026-05-19T00:00:00Z,1.065,1.0751,1.05,1.0589,540659.5,0
2026-05-19T04:00:00Z,1.0594,1.1015,1.0562,1.0869,697462.4,0
2026-05-19T08:00:00Z,1.0869,1.087,1.0545,1.0581,921915.9,0
2026-05-19T12:00:00Z,1.0582,1.083,1.0475,1.0602,1000393.7142801577,0
2026-05-19T16:00:00Z,1.0608,1.0693,1.054,1.0572,348736.5,0
2026-05-19T20:00:00Z,1.0579,1.0678,1.0489,1.0523,443817.9,0
2026-05-20T00:00:00Z,1.0519,1.0531,1.0287,1.0379,608413.9,0
2026-05-20T04:00:00Z,1.0385,1.0625,1.0328,1.0548,456934.0,0
2026-05-20T08:00:00Z,1.0547,1.0649,1.0483,1.0527,297697.6,0
2026-05-20T12:00:00Z,1.0521,1.0799,1.0376,1.0726,972005.3,0
2026-05-20T16:00:00Z,1.0741,1.0831,1.0643,1.0749,613261.9,0
2026-05-20T20:00:00Z,1.0741,1.0798,1.0631,1.0798,343053.6,0
2026-05-21T00:00:00Z,1.0799,1.145,1.0779,1.1422,2243330.1,0
2026-05-21T04:00:00Z,1.1424,1.1508,1.0988,1.1128,1338373.9,0
2026-05-21T08:00:00Z,1.1128,1.1334,1.0864,1.0866,2274295.0,0
2026-05-21T12:00:00Z,1.087,1.1288,1.0786,1.1092,1400931.89505685,0
2026-05-21T16:00:00Z,1.1092,1.1648,1.1046,1.1489,2602303.2,0
2026-05-21T20:00:00Z,1.1485,1.1507,1.1097,1.1238,896954.6,0
2026-05-22T00:00:00Z,1.1243,1.1253,1.0876,1.1088,832810.2,0
2026-05-22T04:00:00Z,1.1097,1.1245,1.095,1.1029,998530.4,0
2026-05-22T08:00:00Z,1.1029,1.1262,1.0971,1.1101,1852785.0,0
2026-05-22T12:00:00Z,1.1106,1.1335,1.0868,1.0985,1892435.7,0
2026-05-22T16:00:00Z,1.0987,1.103,1.0523,1.0568,2528267.7,0
2026-05-22T20:00:00Z,1.0567,1.0668,1.0412,1.0477,774430.0,0
2026-05-23T00:00:00Z,1.0484,1.0506,1.0348,1.044,602393.2,0
2026-05-23T04:00:00Z,1.0439,1.0443,0.9823,0.9955,1018762.18196477,0
2026-05-23T08:00:00Z,0.9956,1.0082,0.9927,1.004,938255.9,0
2026-05-23T12:00:00Z,1.004,1.0491,1.0006,1.0392,1886562.8,0
2026-05-23T16:00:00Z,1.0395,1.0619,1.0345,1.0552,814956.0,0
2026-05-23T20:00:00Z,1.0557,1.1012,1.0514,1.0672,2068539.5,0
2026-05-24T00:00:00Z,1.0675,1.0748,1.0585,1.0629,397764.0,0
2026-05-24T04:00:00Z,1.0629,1.0687,1.0531,1.0571,489360.8,0
2026-05-24T08:00:00Z,1.0574,1.0711,1.0553,1.0651,495558.3,0
2026-05-24T12:00:00Z,1.0653,1.0653,1.0316,1.044,684102.99851149,0
2026-05-24T16:00:00Z,1.0442,1.0497,1.0371,1.0394,484006.9,0
2026-05-24T20:00:00Z,1.0398,1.0406,1.007,1.0327,1100075.5,0
2026-05-25T00:00:00Z,1.033,1.0386,1.02,1.0226,575692.8,0
2026-05-25T04:00:00Z,1.0228,1.0504,1.0213,1.0406,649086.0,0
2026-05-25T08:00:00Z,1.0403,1.05,1.0371,1.044,493872.4,0
2026-05-25T12:00:00Z,1.0442,1.0601,1.0417,1.0499,519009.6,0
2026-05-25T16:00:00Z,1.0506,1.0633,1.0477,1.0551,382932.9,0
2026-05-25T20:00:00Z,1.0541,1.0592,1.0331,1.0433,483886.3,0
2026-05-26T00:00:00Z,1.0437,1.0452,1.0168,1.0247,622811.1,0
2026-05-26T04:00:00Z,1.025,1.047,1.023,1.0326,592607.4,0
2026-05-26T08:00:00Z,1.0327,1.054,1.0297,1.0438,722119.0,0
2026-05-26T12:00:00Z,1.0446,1.0575,1.0191,1.0288,1246264.4,0
2026-05-26T16:00:00Z,1.0286,1.0289,1.0025,1.0072,1024956.7,0
2026-05-26T20:00:00Z,1.0071,1.0104,0.9985,1.0007,557790.8,0
2026-05-27T00:00:00Z,1.001,1.0137,0.9947,0.9989,513809.5,0
2026-05-27T04:00:00Z,0.9985,1.0083,0.9846,1.0056,379231.96705847,0
2026-05-27T08:00:00Z,1.0049,1.0076,0.9926,0.9997,293460.7,0
2026-05-27T12:00:00Z,0.9998,1.0158,0.9859,1.0046,1020193.2,0
2026-05-27T16:00:00Z,1.005,1.0086,0.97,0.9824,909448.9,0
2026-05-27T20:00:00Z,0.9824,0.9877,0.9543,0.9604,591845.6,0
2026-05-28T00:00:00Z,0.9598,0.9628,0.9204,0.922,1375694.79754809,0
2026-05-28T04:00:00Z,0.922,0.9276,0.9067,0.925,1295570.4,0
2026-05-28T08:00:00Z,0.9252,0.9254,0.9108,0.9133,346704.2,0
2026-05-28T12:00:00Z,0.9129,0.9252,0.9033,0.918,1005270.6,0
2026-05-28T16:00:00Z,0.9173,0.9463,0.9131,0.9269,1018635.2,0
2026-05-28T20:00:00Z,0.927,0.9373,0.9223,0.9299,511799.8,0
2026-05-29T00:00:00Z,0.9306,0.936,0.9193,0.9196,470230.4,0
2026-05-29T04:00:00Z,0.9198,0.9329,0.9139,0.921,290699.4,0
2026-05-29T08:00:00Z,0.9218,0.9292,0.8978,0.9104,582494.6,0
2026-05-29T12:00:00Z,0.9101,0.9378,0.8926,0.9239,1424253.9,0
2026-05-29T16:00:00Z,0.9241,0.9299,0.8949,0.9048,1043601.9,0
2026-05-29T20:00:00Z,0.905,0.9081,0.8948,0.9046,331169.8,0
2026-05-30T00:00:00Z,0.9052,0.9197,0.903,0.9062,315303.6,0
2026-05-30T04:00:00Z,0.9061,0.909,0.8919,0.9012,724525.2,0
2026-05-30T08:00:00Z,0.9011,0.9032,0.8954,0.8994,417397.6,0
2026-05-30T12:00:00Z,0.8992,0.9136,0.8963,0.9091,560457.7,0
2026-05-30T16:00:00Z,0.9094,0.9154,0.9043,0.9097,731519.7,0
2026-05-30T20:00:00Z,0.9099,0.916,0.9014,0.9084,453395.9,0
2026-05-31T00:00:00Z,0.9088,0.925,0.9082,0.9152,646095.2,0
2026-05-31T04:00:00Z,0.9147,0.9208,0.8987,0.9032,615156.8,0
2026-05-31T08:00:00Z,0.9034,0.9092,0.8994,0.901,476898.8,0
2026-05-31T12:00:00Z,0.9009,0.9065,0.8496,0.8795,1784186.5,0
2026-05-31T16:00:00Z,0.8795,0.8802,0.8669,0.877,605915.2,0
2026-05-31T20:00:00Z,0.877,0.9034,0.877,0.8951,522951.9,0
2026-06-01T00:00:00Z,0.8957,0.9022,0.8802,0.899,561131.8,0
2026-06-01T04:00:00Z,0.8989,0.9032,0.8723,0.8751,474138.8,0
2026-06-01T08:00:00Z,0.8746,0.8837,0.872,0.8772,496825.9,0
2026-06-01T12:00:00Z,0.8774,0.8819,0.8579,0.8632,1554210.1,0
2026-06-01T16:00:00Z,0.8628,0.8864,0.8587,0.8783,684170.4,0
2026-06-01T20:00:00Z,0.8784,0.8831,0.8652,0.8796,759997.7,0
2026-06-02T00:00:00Z,0.88,0.8806,0.8528,0.8754,584995.9,0
2026-06-02T04:00:00Z,0.8757,0.8779,0.8463,0.8527,763512.9,0
2026-06-02T08:00:00Z,0.8531,0.8546,0.8368,0.8469,846373.2,0
2026-06-02T12:00:00Z,0.8463,0.8541,0.81,0.8227,2034495.5,0
2026-06-02T16:00:00Z,0.8217,0.8407,0.8083,0.8252,1647768.4,0
2026-06-02T20:00:00Z,0.8248,0.836,0.7916,0.8083,1665639.7,0
2026-06-03T00:00:00Z,0.8086,0.8213,0.7914,0.7964,1084795.6,0
2026-06-03T04:00:00Z,0.7963,0.8424,0.7963,0.837,1072739.1,0
2026-06-03T08:00:00Z,0.8366,0.8407,0.8272,0.8292,555464.7,0
2026-06-03T12:00:00Z,0.8291,0.8378,0.8192,0.8258,1087194.9,0
2026-06-03T16:00:00Z,0.8265,0.8324,0.808,0.8133,1256700.5,0
2026-06-03T20:00:00Z,0.8131,0.8439,0.8004,0.8248,1956144.6,0
2026-06-04T00:00:00Z,0.8246,0.8306,0.7484,0.8137,3080948.7,0
2026-06-04T04:00:00Z,0.8138,0.8202,0.7852,0.7858,1560239.8,0
2026-06-04T08:00:00Z,0.7857,0.7913,0.7582,0.7679,2442455.6,0
2026-06-04T12:00:00Z,0.7683,0.8069,0.7616,0.7941,2135413.1,0
2026-06-04T16:00:00Z,0.7941,0.7946,0.7719,0.7818,1285034.1,0
2026-06-04T20:00:00Z,0.7807,0.7841,0.7584,0.767,1354561.5,0
2026-06-05T00:00:00Z,0.7659,0.769,0.7291,0.7305,2183634.6,0
2026-06-05T04:00:00Z,0.7311,0.7481,0.6806,0.7128,3645349.3,0
2026-06-05T08:00:00Z,0.7126,0.7228,0.6959,0.7096,2151615.6,0
2026-06-05T12:00:00Z,0.7087,0.728,0.6882,0.6948,3214733.39469867,0
2026-06-05T16:00:00Z,0.694,0.7215,0.6706,0.6953,3774575.07933421,0
2026-06-05T20:00:00Z,0.6954,0.7197,0.6873,0.7033,2502055.95305766,0
2026-06-06T00:00:00Z,0.7033,0.73,0.6917,0.696,2008014.5,0
2026-06-06T04:00:00Z,0.6956,0.7077,0.6619,0.7031,2926764.8,0
2026-06-06T08:00:00Z,0.7033,0.7195,0.6871,0.702,1773942.1,0
2026-06-06T12:00:00Z,0.702,0.7286,0.6973,0.7157,2356126.5,0
2026-06-06T16:00:00Z,0.7156,0.721,0.7032,0.7047,1331612.7,0
2026-06-06T20:00:00Z,0.7045,0.7209,0.7011,0.7179,894541.7,0
2026-06-07T00:00:00Z,0.7182,0.758,0.7165,0.7531,1999059.8,0
2026-06-07T04:00:00Z,0.7532,0.758,0.7426,0.7531,1408244.1651993534,0
2026-06-07T08:00:00Z,0.7524,0.7653,0.7462,0.7506,1324469.3,0
2026-06-07T12:00:00Z,0.7511,0.756,0.7291,0.745,1379286.5,0
2026-06-07T16:00:00Z,0.745,0.7517,0.728,0.7313,956327.0,0
2026-06-07T20:00:00Z,0.7311,0.7804,0.7287,0.7586,1818334.69881005,0
2026-06-08T00:00:00Z,0.7591,0.7668,0.7477,0.752,1210788.5,0
2026-06-08T04:00:00Z,0.7522,0.7609,0.7286,0.7609,1197047.7,0
2026-06-08T08:00:00Z,0.7603,0.7643,0.7463,0.7581,1714153.8,0
2026-06-08T12:00:00Z,0.758,0.7733,0.7503,0.7627,1717111.0,0
2026-06-08T16:00:00Z,0.763,0.7713,0.7573,0.7598,735696.0,0
2026-06-08T20:00:00Z,0.7604,0.769,0.7529,0.7554,524832.1,0
2026-06-09T00:00:00Z,0.7551,0.7569,0.7295,0.7459,1082819.9062362371,0
2026-06-09T04:00:00Z,0.7456,0.7623,0.7432,0.7545,630871.6,0
2026-06-09T08:00:00Z,0.7549,0.7555,0.7415,0.7538,457406.1,0
2026-06-09T12:00:00Z,0.7537,0.7603,0.7328,0.7359,1316719.8,0
2026-06-09T16:00:00Z,0.7355,0.7567,0.731,0.7535,1235204.9,0
2026-06-09T20:00:00Z,0.7542,0.7598,0.7445,0.7495,330628.3,0
2026-06-10T00:00:00Z,0.7498,0.7572,0.739,0.744,373401.99727842,0
2026-06-10T04:00:00Z,0.7442,0.7529,0.7357,0.7492,392515.0,0
2026-06-10T08:00:00Z,0.7489,0.7489,0.7318,0.7383,932334.8,0
2026-06-10T12:00:00Z,0.7383,0.7617,0.736,0.7557,1556047.49901312,0
2026-06-10T16:00:00Z,0.7556,0.7584,0.7314,0.734,1290756.3,0
2026-06-10T20:00:00Z,0.7331,0.737,0.714,0.727,1026634.363864232,0
2026-06-11T00:00:00Z,0.7269,0.7612,0.7269,0.7554,681626.7,0
2026-06-11T04:00:00Z,0.7558,0.758,0.7457,0.7484,379619.9,0
2026-06-11T08:00:00Z,0.7489,0.756,0.7463,0.7536,325900.6,0
2026-06-11T12:00:00Z,0.7539,0.754,0.7424,0.7512,774260.6,0
2026-06-11T16:00:00Z,0.7513,0.7699,0.7437,0.7632,1037316.0,0
2026-06-11T20:00:00Z,0.7632,0.766,0.7536,0.7546,437471.8,0
2026-06-12T00:00:00Z,0.7549,0.7595,0.7474,0.7575,411510.4,0
2026-06-12T04:00:00Z,0.758,0.7613,0.7454,0.7517,524577.8,0
2026-06-12T08:00:00Z,0.7517,0.7629,0.7516,0.7571,511446.8,0
2026-06-12T12:00:00Z,0.7573,0.7706,0.7466,0.7477,1194905.8,0
2026-06-12T16:00:00Z,0.7477,0.7597,0.7454,0.7486,617035.6,0
2026-06-12T20:00:00Z,0.7486,0.7516,0.7459,0.751,295850.7,0
2026-06-13T00:00:00Z,0.7511,0.7579,0.7482,0.7509,248555.6,0
2026-06-13T04:00:00Z,0.7509,0.7675,0.7477,0.7624,507448.5,0
2026-06-13T08:00:00Z,0.7624,0.7703,0.7606,0.7693,474217.2,0
2026-06-13T12:00:00Z,0.7687,0.7768,0.7663,0.774,812045.7,0
2026-06-13T16:00:00Z,0.774,0.7743,0.763,0.766,514648.0,0
2026-06-13T20:00:00Z,0.766,0.7744,0.7624,0.7683,299444.9,0
2026-06-14T00:00:00Z,0.768,0.7708,0.7638,0.769,219410.34757483,0
2026-06-14T04:00:00Z,0.7692,0.7694,0.7568,0.7591,232148.8,0
2026-06-14T08:00:00Z,0.7586,0.762,0.7557,0.7595,308478.9,0
2026-06-14T12:00:00Z,0.7596,0.7608,0.745,0.7486,312129.6,0
2026-06-14T16:00:00Z,0.7484,0.7525,0.7467,0.7497,149633.8,0
2026-06-14T20:00:00Z,0.7497,0.8034,0.7482,0.8033,1589618.7935959087,0
2026-06-15T00:00:00Z,0.8032,0.8044,0.786,0.7995,554008.0,0
2026-06-15T04:00:00Z,0.8002,0.8048,0.7933,0.794,326753.6,0
2026-06-15T08:00:00Z,0.7943,0.8165,0.7888,0.8087,689568.7,0
2026-06-15T12:00:00Z,0.8093,0.8284,0.8071,0.8242,1104862.5,0
2026-06-15T16:00:00Z,0.8246,0.8274,0.7955,0.8032,600403.4,0
2026-06-15T20:00:00Z,0.8034,0.8058,0.7877,0.7935,284000.14196554,0
2026-06-16T00:00:00Z,0.7933,0.7963,0.7764,0.7876,411103.5,0
2026-06-16T04:00:00Z,0.7879,0.7921,0.7804,0.7911,243671.1,0
2026-06-16T08:00:00Z,0.791,0.8102,0.7908,0.7954,515538.2,0
2026-06-16T12:00:00Z,0.7954,0.8046,0.7723,0.7841,1071885.5,0
2026-06-16T16:00:00Z,0.784,0.7986,0.7816,0.793,533816.9,0
2026-06-16T20:00:00Z,0.7927,0.8067,0.7912,0.7964,620034.4,0
2026-06-17T00:00:00Z,0.7966,0.8193,0.7966,0.8074,504674.1,0
2026-06-17T04:00:00Z,0.8074,0.8131,0.797,0.8,385462.9,0
2026-06-17T08:00:00Z,0.8001,0.8004,0.7835,0.7862,326098.8,0
2026-06-17T12:00:00Z,0.7862,0.8057,0.7814,0.8053,739460.7,0
2026-06-17T16:00:00Z,0.8055,0.8112,0.7712,0.774,1408408.9,0
2026-06-17T20:00:00Z,0.774,0.7804,0.757,0.7672,638331.4,0
2026-06-18T00:00:00Z,0.7671,0.7726,0.7585,0.7634,475050.4,0
2026-06-18T04:00:00Z,0.7634,0.7636,0.7388,0.7525,797056.9,0
2026-06-18T08:00:00Z,0.7526,0.7562,0.7445,0.7464,804691.0,0
2026-06-18T12:00:00Z,0.7467,0.7517,0.7096,0.7096,1348103.2,0
2026-06-18T16:00:00Z,0.7095,0.7235,0.708,0.7205,1005719.7,0
2026-06-18T20:00:00Z,0.7206,0.73,0.7197,0.7298,339940.4,0
2026-06-19T00:00:00Z,0.7297,0.7326,0.7121,0.7189,437443.1,0
2026-06-19T04:00:00Z,0.7191,0.7216,0.7071,0.7112,356842.8,0
2026-06-19T08:00:00Z,0.712,0.7163,0.7079,0.7109,274031.4,0
2026-06-19T12:00:00Z,0.7118,0.7205,0.7016,0.7138,603233.2,0
2026-06-19T16:00:00Z,0.7142,0.7172,0.7069,0.7092,248832.9,0
2026-06-19T20:00:00Z,0.7099,0.7186,0.7075,0.717,242988.7,0
2026-06-20T00:00:00Z,0.7167,0.7196,0.708,0.7104,138370.4,0
2026-06-20T04:00:00Z,0.7107,0.7217,0.7098,0.7177,404009.2,0
2026-06-20T08:00:00Z,0.7177,0.7226,0.7149,0.7177,273140.0,0
2026-06-20T12:00:00Z,0.7174,0.7203,0.6987,0.7105,896423.9,0
2026-06-20T16:00:00Z,0.7106,0.7106,0.6992,0.7055,300289.3,0
2026-06-20T20:00:00Z,0.7059,0.7167,0.7039,0.7146,255302.8,0
2026-06-21T00:00:00Z,0.714,0.714,0.7088,0.712,231502.8,0
2026-06-21T04:00:00Z,0.7121,0.7132,0.7051,0.7105,158959.0,0
2026-06-21T08:00:00Z,0.711,0.7139,0.7033,0.7054,327925.6,0
2026-06-21T12:00:00Z,0.7053,0.715,0.7034,0.7138,317684.5,0
2026-06-21T16:00:00Z,0.7134,0.7141,0.7055,0.7117,147196.4,0
2026-06-21T20:00:00Z,0.7117,0.7125,0.6887,0.6934,828638.6,0
2026-06-22T00:00:00Z,0.6936,0.7146,0.6936,0.7,483158.6,0
2026-06-22T04:00:00Z,0.6999,0.7128,0.698,0.7106,234781.0,0
2026-06-22T08:00:00Z,0.7107,0.739,0.7087,0.7385,938359.4803020726,0
2026-06-22T12:00:00Z,0.7392,0.7447,0.7211,0.7228,1043008.9,0
2026-06-22T16:00:00Z,0.7234,0.7246,0.7123,0.7191,488415.4,0
2026-06-22T20:00:00Z,0.7196,0.7297,0.713,0.72,285998.1,0
2026-06-23T00:00:00Z,0.7192,0.7288,0.7123,0.7288,419632.0,0
2026-06-23T04:00:00Z,0.729,0.7292,0.6779,0.6866,1355846.1,0
2026-06-23T08:00:00Z,0.6869,0.7118,0.673,0.7108,1336670.2,0
2026-06-23T12:00:00Z,0.7102,0.713,0.6981,0.7036,1101077.3,0
2026-06-23T16:00:00Z,0.7035,0.711,0.6936,0.6983,527724.8,0
2026-06-23T20:00:00Z,0.6982,0.7066,0.6972,0.7041,290116.5,0
2026-06-24T00:00:00Z,0.7048,0.7112,0.6953,0.6989,471018.6,0
2026-06-24T04:00:00Z,0.6987,0.7098,0.6924,0.7011,248680.2,0
2026-06-24T08:00:00Z,0.7012,0.7108,0.6952,0.7015,348618.5,0
2026-06-24T12:00:00Z,0.7016,0.7031,0.6723,0.6747,1010994.0,0
2026-06-24T16:00:00Z,0.6746,0.6821,0.6528,0.6735,1662776.1,0
2026-06-24T20:00:00Z,0.6739,0.691,0.6736,0.6855,479089.0,0
2026-06-25T00:00:00Z,0.6856,0.6869,0.6763,0.6802,216311.0,0
2026-06-25T04:00:00Z,0.6799,0.7018,0.6787,0.7012,615873.8,0
2026-06-25T08:00:00Z,0.7008,0.7013,0.6871,0.6893,452032.4,0
2026-06-25T12:00:00Z,0.6898,0.6995,0.6514,0.6778,1841816.9,0
2026-06-25T16:00:00Z,0.6772,0.6921,0.6691,0.6729,837010.2,0
2026-06-25T20:00:00Z,0.6735,0.6853,0.6714,0.6838,294660.8,0
2026-06-26T00:00:00Z,0.6852,0.6874,0.6584,0.6787,769485.5,0
2026-06-26T04:00:00Z,0.6788,0.6994,0.6755,0.696,577905.0,0
2026-06-26T08:00:00Z,0.6962,0.6975,0.6725,0.6756,601793.3,0
2026-06-26T12:00:00Z,0.6757,0.6966,0.6677,0.6916,1238949.5,0
2026-06-26T16:00:00Z,0.6923,0.7034,0.6869,0.6958,845220.2,0
2026-06-26T20:00:00Z,0.696,0.7041,0.6931,0.6982,387205.3,0
2026-06-27T00:00:00Z,0.6988,0.7101,0.695,0.7082,284842.8,0
2026-06-27T04:00:00Z,0.7079,0.7175,0.7065,0.7099,645507.6,0
2026-06-27T08:00:00Z,0.71,0.71,0.6954,0.7002,539289.5,0
2026-06-27T12:00:00Z,0.7002,0.7147,0.6983,0.7104,471575.1,0
2026-06-27T16:00:00Z,0.7106,0.7121,0.6842,0.6859,759141.4,0
2026-06-27T20:00:00Z,0.6856,0.6892,0.6783,0.6846,442858.2,0
2026-06-28T00:00:00Z,0.6843,0.6873,0.6807,0.6841,228941.9,0
2026-06-28T04:00:00Z,0.6841,0.6861,0.6775,0.6857,283464.2,0
2026-06-28T08:00:00Z,0.6855,0.69,0.682,0.6882,295766.9,0
2026-06-28T12:00:00Z,0.6884,0.6915,0.6833,0.6871,289797.7,0
2026-06-28T16:00:00Z,0.6875,0.6876,0.6762,0.6797,279478.5,0
2026-06-28T20:00:00Z,0.6794,0.6868,0.6707,0.6813,467324.2,0
2026-06-29T00:00:00Z,0.6813,0.6942,0.6725,0.6917,495040.4,0
2026-06-29T04:00:00Z,0.6915,0.697,0.6797,0.6961,406070.8,0
2026-06-29T08:00:00Z,0.6963,0.6979,0.6865,0.6898,512159.5,0
2026-06-29T12:00:00Z,0.6899,0.7014,0.6833,0.6933,1183756.4,0
2026-06-29T16:00:00Z,0.6936,0.7084,0.6897,0.7051,626048.7,0
2026-06-29T20:00:00Z,0.705,0.7069,0.6982,0.7026,256324.9,0
2026-06-30T00:00:00Z,0.7024,0.7032,0.6899,0.6952,344094.4,0
2026-06-30T04:00:00Z,0.6952,0.6988,0.691,0.6975,376900.0,0
2026-06-30T08:00:00Z,0.6974,0.6977,0.6877,0.6893,380544.6,0
2026-06-30T12:00:00Z,0.6892,0.6957,0.6775,0.6902,993126.3,0
2026-06-30T16:00:00Z,0.6906,0.6983,0.686,0.6964,251760.5,0
2026-06-30T20:00:00Z,0.6961,0.6972,0.6889,0.691,208294.9,0
2026-07-01T00:00:00Z,0.691,0.7085,0.6779,0.7078,782012.1,0
2026-07-01T04:00:00Z,0.7081,0.7085,0.6935,0.697,672093.3,0
2026-07-01T08:00:00Z,0.697,0.7063,0.692,0.6996,759375.0,0
2026-07-01T12:00:00Z,0.6994,0.722,0.6943,0.716,1261982.3,0
2026-07-01T16:00:00Z,0.7159,0.7215,0.7075,0.7123,417440.4,0
2026-07-01T20:00:00Z,0.7118,0.7299,0.7101,0.7155,505266.0,0
2026-07-02T00:00:00Z,0.7156,0.7326,0.7102,0.7324,620133.3,0
2026-07-02T04:00:00Z,0.7321,0.7385,0.7235,0.7272,508553.0,0
2026-07-02T08:00:00Z,0.7274,0.7466,0.7261,0.7414,658022.1,0
2026-07-02T12:00:00Z,0.7402,0.7533,0.7356,0.7406,935032.4,0
2026-07-02T16:00:00Z,0.7409,0.7421,0.7342,0.7365,414408.7,0
2026-07-02T20:00:00Z,0.7368,0.7378,0.7296,0.7352,331572.5,0
2026-07-03T00:00:00Z,0.7354,0.7453,0.729,0.7438,486574.1,0
2026-07-03T04:00:00Z,0.7445,0.7449,0.7378,0.7412,297518.9,0
2026-07-03T08:00:00Z,0.7415,0.753,0.739,0.7518,473253.3,0
2026-07-03T12:00:00Z,0.7513,0.76,0.7481,0.7525,522378.8,0
2026-07-03T16:00:00Z,0.7527,0.7743,0.7497,0.7692,879148.5,0
2026-07-03T20:00:00Z,0.7693,0.7795,0.7667,0.7694,561437.2409988161,0
2026-07-04T00:00:00Z,0.7694,0.7735,0.7561,0.7604,295729.2,0
2026-07-04T04:00:00Z,0.7602,0.7666,0.7537,0.7588,283173.4,0
2026-07-04T08:00:00Z,0.7586,0.7602,0.7512,0.7568,346808.7,0
2026-07-04T12:00:00Z,0.7572,0.7756,0.757,0.7723,442281.1,0
2026-07-04T16:00:00Z,0.7721,0.7826,0.7645,0.7708,490180.6838619543,0
2026-07-04T20:00:00Z,0.7706,0.7758,0.7612,0.7616,391003.51476133,0
2026-07-05T00:00:00Z,0.7617,0.7623,0.7372,0.742,490849.4,0
2026-07-05T04:00:00Z,0.7421,0.7463,0.7412,0.7455,422787.4,0
2026-07-05T08:00:00Z,0.7452,0.7474,0.7375,0.743,301837.2,0
2026-07-05T12:00:00Z,0.7426,0.7594,0.7413,0.7532,380331.1,0
2026-07-05T16:00:00Z,0.7534,0.7587,0.752,0.7548,320421.5,0
2026-07-05T20:00:00Z,0.7549,0.7666,0.7519,0.7567,441403.5,0
2026-07-06T00:00:00Z,0.7569,0.7618,0.7473,0.7488,330611.4,0
2026-07-06T04:00:00Z,0.7491,0.7493,0.7342,0.7419,409166.6,0
2026-07-06T08:00:00Z,0.7413,0.7447,0.7363,0.7379,179238.2,0
2026-07-06T12:00:00Z,0.7378,0.7444,0.7206,0.7443,1098361.6,0
2026-07-06T16:00:00Z,0.7444,0.75,0.7407,0.7491,410482.9,0
2026-07-06T20:00:00Z,0.7494,0.7679,0.7464,0.7491,682827.9,0
2026-07-07T00:00:00Z,0.7499,0.7544,0.7331,0.7353,480371.2,0
2026-07-07T04:00:00Z,0.7351,0.7432,0.7294,0.738,220077.7,0
2026-07-07T08:00:00Z,0.7379,0.7453,0.7365,0.7401,219548.6,0
2026-07-07T12:00:00Z,0.7402,0.7452,0.7294,0.7426,446811.5,0
2026-07-07T16:00:00Z,0.7427,0.7508,0.7297,0.7376,727256.9,0
2026-07-07T20:00:00Z,0.7375,0.7387,0.7197,0.7277,411164.9,0
2026-07-08T00:00:00Z,0.7279,0.7335,0.709,0.7144,662271.3,0
2026-07-08T04:00:00Z,0.7143,0.7191,0.7115,0.718,201750.0,0
2026-07-08T08:00:00Z,0.7179,0.7195,0.6998,0.7076,934147.2,0
2026-07-08T12:00:00Z,0.7076,0.7105,0.6963,0.6998,702563.4,0
2026-07-08T16:00:00Z,0.6996,0.7135,0.6989,0.7126,361097.92761363,0
2026-07-08T20:00:00Z,0.7127,0.7132,0.7062,0.7112,175771.6,0
2026-07-09T00:00:00Z,0.7112,0.7223,0.7076,0.7187,674928.3,0
2026-07-09T04:00:00Z,0.7188,0.7324,0.7188,0.7248,419941.2,0
2026-07-09T08:00:00Z,0.725,0.7277,0.7195,0.723,155040.0,0
2026-07-09T12:00:00Z,0.7231,0.7234,0.7153,0.7171,330679.7,0
2026-07-09T16:00:00Z,0.7173,0.7236,0.7149,0.7187,314776.0,0
2026-07-09T20:00:00Z,0.7192,0.7213,0.7152,0.7173,154365.3,0
2026-07-10T00:00:00Z,0.7172,0.729,0.7121,0.7256,342902.7,0
2026-07-10T04:00:00Z,0.7258,0.7273,0.7218,0.7228,170728.3,0
2026-07-10T08:00:00Z,0.7229,0.75,0.7225,0.738,822199.4,0
2026-07-10T12:00:00Z,0.7379,0.7464,0.7298,0.7367,721106.4,0
2026-07-10T16:00:00Z,0.7369,0.7399,0.7307,0.7371,287283.5,0
2026-07-10T20:00:00Z,0.737,0.7421,0.7336,0.7387,142439.0,0
2026-07-11T00:00:00Z,0.739,0.7455,0.7318,0.7431,245016.2,0
2026-07-11T04:00:00Z,0.7434,0.7549,0.7393,0.7441,600829.5,0
2026-07-11T08:00:00Z,0.7441,0.7471,0.7384,0.743,297339.8,0
2026-07-11T12:00:00Z,0.743,0.7505,0.7399,0.7434,352106.6,0
2026-07-11T16:00:00Z,0.7427,0.7507,0.7404,0.7473,264356.8,0
2026-07-11T20:00:00Z,0.7476,0.7505,0.7283,0.7292,412128.1,0
2026-07-12T00:00:00Z,0.729,0.7318,0.7219,0.7315,361113.7,0
2026-07-12T04:00:00Z,0.7317,0.7388,0.7274,0.7388,273277.3,0
2026-07-12T08:00:00Z,0.739,0.7467,0.7379,0.7411,306867.90049644,0
2026-07-12T12:00:00Z,0.7413,0.7485,0.7406,0.745,362322.7,0
2026-07-12T16:00:00Z,0.745,0.7457,0.7365,0.7417,135871.9,0
2026-07-12T20:00:00Z,0.7417,0.7432,0.733,0.7359,326061.0,0
2026-07-13T00:00:00Z,0.7358,0.7466,0.7221,0.727,751604.8,0
2026-07-13T04:00:00Z,0.7265,0.7339,0.7254,0.733,242028.5,0
2026-07-13T08:00:00Z,0.7326,0.7362,0.7305,0.7309,146176.0,0
2026-07-13T12:00:00Z,0.7305,0.7335,0.7227,0.7281,438875.0,0
2026-07-13T16:00:00Z,0.7278,0.7292,0.7143,0.7214,481417.4,0
2026-07-13T20:00:00Z,0.7213,0.7221,0.7076,0.7218,255884.7,0
2026-07-14T00:00:00Z,0.722,0.7283,0.7191,0.7241,191447.0,0
2026-07-14T04:00:00Z,0.7242,0.7354,0.7229,0.7311,263021.8,0
2026-07-14T08:00:00Z,0.7311,0.7345,0.7286,0.7302,174058.5,0
2026-07-14T12:00:00Z,0.7304,0.7669,0.73,0.759,2378247.8,0
2026-07-14T16:00:00Z,0.7598,0.7638,0.7511,0.7619,504597.4,0
2026-07-14T20:00:00Z,0.7624,0.7643,0.7563,0.7628,346815.7,0
2026-07-15T00:00:00Z,0.7627,0.7636,0.7493,0.7536,285050.4,0
2026-07-15T04:00:00Z,0.7536,0.7605,0.75,0.7525,433593.8,0
2026-07-15T08:00:00Z,0.7529,0.7567,0.7511,0.7544,105502.3,0
2026-07-15T12:00:00Z,0.7547,0.768,0.7525,0.7596,823223.7,0
2026-07-15T16:00:00Z,0.76,0.7604,0.7446,0.7493,655480.2,0
2026-07-15T20:00:00Z,0.7488,0.7614,0.7482,0.7551,343705.8,0
2026-07-16T00:00:00Z,0.7547,0.7656,0.746,0.76,417493.8,0
2026-07-16T04:00:00Z,0.7599,0.7599,0.7396,0.7426,422729.6,0
2026-07-16T08:00:00Z,0.7427,0.7438,0.7336,0.7429,545506.7,0
2026-07-16T12:00:00Z,0.7425,0.7551,0.738,0.7513,736967.4,0
2026-07-16T16:00:00Z,0.751,0.7535,0.7455,0.7487,476282.5,0
2026-07-16T20:00:00Z,0.7487,0.7522,0.7359,0.7387,512313.2,0
2026-07-17T00:00:00Z,0.7387,0.7482,0.7355,0.7443,329283.1,0
2026-07-17T04:00:00Z,0.7438,0.7438,0.7298,0.732,550154.9,0
2026-07-17T08:00:00Z,0.7317,0.7398,0.7228,0.7366,349570.4,0
2026-07-17T12:00:00Z,0.7361,0.7374,0.7214,0.7345,1061500.0,0
2026-07-17T16:00:00Z,0.734,0.7448,0.7327,0.739,352108.8,0
2026-07-17T20:00:00Z,0.738,0.7418,0.7365,0.7399,85778.7,0
2026-07-18T00:00:00Z,0.7402,0.7424,0.7382,0.7421,236995.4,0
2026-07-18T04:00:00Z,0.7425,0.7425,0.7342,0.7366,120870.4,0
2026-07-18T08:00:00Z,0.7366,0.7394,0.7335,0.7356,138996.8,0
2026-07-18T12:00:00Z,0.7358,0.7384,0.7317,0.7353,125555.6,0
2026-07-18T16:00:00Z,0.7353,0.7433,0.7345,0.7425,269553.9,0
2026-07-18T20:00:00Z,0.7427,0.7464,0.7395,0.7434,299412.7,0
2026-07-19T00:00:00Z,0.7436,0.7475,0.7412,0.7423,222051.5,0
2026-07-19T04:00:00Z,0.7423,0.7467,0.7408,0.7448,136395.2,0
2026-07-19T08:00:00Z,0.745,0.7574,0.744,0.75,348816.1,0
2026-07-19T12:00:00Z,0.7495,0.7547,0.7478,0.7509,238477.5,0
2026-07-19T16:00:00Z,0.7514,0.7528,0.7402,0.7492,249893.0,0
2026-07-19T20:00:00Z,0.7493,0.7534,0.7452,0.7497,543544.90000001,0
2026-07-20T00:00:00Z,0.7494,0.7586,0.7476,0.7504,482084.1,0
2026-07-20T04:00:00Z,0.7504,0.7505,0.7396,0.7471,741048.9,0
2026-07-20T08:00:00Z,0.7472,0.7555,0.7394,0.7547,846977.1,0
2026-07-20T12:00:00Z,0.7548,0.7663,0.7476,0.7654,834132.6,0
2026-07-20T16:00:00Z,0.7658,0.7742,0.7591,0.7675,510201.8,0
2026-07-20T20:00:00Z,0.7678,0.7707,0.7599,0.7648,167418.1,0
2026-07-21T00:00:00Z,0.7647,0.7709,0.7611,0.7687,184369.1,0
2026-07-21T04:00:00Z,0.7689,0.7781,0.7657,0.7773,402546.9,0
2026-07-21T08:00:00Z,0.7775,0.7777,0.7654,0.7691,427965.6,0
2026-07-21T12:00:00Z,0.7693,0.7708,0.763,0.7675,300030.1,0
2026-07-21T16:00:00Z,0.7671,0.7701,0.7615,0.7661,192460.2,0
2026-07-21T20:00:00Z,0.7664,0.772,0.7661,0.7717,174055.0,0
2026-07-22T00:00:00Z,0.772,0.7754,0.7636,0.7642,243379.2,0
2026-07-22T04:00:00Z,0.7643,0.7678,0.7529,0.756,440368.5,0
2026-07-22T08:00:00Z,0.7557,0.7623,0.7549,0.7605,213671.8,0
2026-07-22T12:00:00Z,0.7601,0.7749,0.7567,0.77,403530.9,0
2026-07-22T16:00:00Z,0.7703,0.7792,0.7636,0.7666,318024.8,0
2026-07-22T20:00:00Z,0.7662,0.7678,0.7604,0.7648,275659.9,0
2026-07-23T00:00:00Z,0.764,0.7675,0.7594,0.7633,245742.1,0
2026-07-23T04:00:00Z,0.7625,0.7715,0.7621,0.7703,265371.9,0
2026-07-23T08:00:00Z,0.7704,0.7754,0.7665,0.7667,290732.8,0
2026-07-23T12:00:00Z,0.7668,0.7682,0.7408,0.7494,1047417.6,0
2026-07-23T16:00:00Z,0.7493,0.7493,0.7401,0.7453,283902.7,0
2026-07-23T20:00:00Z,0.7448,0.7505,0.7439,0.7439,178909.74292093297,0
2026-07-24T00:00:00Z,0.7439,0.7469,0.738,0.7463,232883.4,0
2026-07-24T04:00:00Z,0.7461,0.7489,0.7417,0.7452,345056.9,0
2026-07-24T08:00:00Z,0.7455,0.7455,0.7295,0.7315,377392.5,0
2026-07-24T12:00:00Z,0.7311,0.7327,0.7129,0.7183,842478.0,0
2026-07-24T16:00:00Z,0.7181,0.7181,0.7076,0.7105,423060.6,0
2026-07-24T20:00:00Z,0.7105,0.7128,0.7086,0.7114,265109.8,0
2026-07-25T00:00:00Z,0.7108,0.7146,0.7095,0.7121,191526.9,0
2026-07-25T04:00:00Z,0.7119,0.7153,0.7022,0.7035,274630.5,0
2026-07-25T08:00:00Z,0.7035,0.7068,0.7025,0.7049,143205.5,0
2026-07-25T12:00:00Z,0.705,0.7115,0.7045,0.7106,226338.5,0
2026-07-25T16:00:00Z,0.7106,0.7179,0.7103,0.714,225580.3,0
2026-07-25T20:00:00Z,0.7142,0.7146,0.7109,0.7114,210531.2,0
2026-07-26T00:00:00Z,0.7115,0.7182,0.7111,0.7176,79650.3,0
2026-07-26T04:00:00Z,0.7179,0.7265,0.716,0.7207,296300.4,0
2026-07-26T08:00:00Z,0.7206,0.7206,0.7164,0.7179,122327.8,0
2026-07-26T12:00:00Z,0.7181,0.7202,0.715,0.7194,243285.8,0
2026-07-26T16:00:00Z,0.7195,0.7224,0.7109,0.712,237100.4,0
2026-07-26T20:00:00Z,0.7121,0.7261,0.7111,0.7236,508905.2,0
2026-07-27T00:00:00Z,0.7237,0.7244,0.7138,0.7195,252397.6,0
2026-07-27T04:00:00Z,0.7197,0.7247,0.7161,0.7172,239514.9,0
2026-07-27T08:00:00Z,0.7175,0.7196,0.7128,0.7165,148515.4,0
2026-07-27T12:00:00Z,0.7162,0.7205,0.6943,0.6996,1451416.7,0
2026-07-27T16:00:00Z,0.6992,0.7064,0.6979,0.7045,311012.8,0
2026-07-27T20:00:00Z,0.7048,0.7048,0.6746,0.681,1066269.29937393,0
2026-07-28T00:00:00Z,0.6811,0.685,0.6736,0.6839,490774.6,0
2026-07-28T04:00:00Z,0.6837,0.6851,0.6792,0.681,252523.5,0
2026-07-28T08:00:00Z,0.6809,0.6851,0.6797,0.6826,282511.9,0
2026-07-28T12:00:00Z,0.6823,0.6926,0.6741,0.6904,731861.9,0
2026-07-28T16:00:00Z,0.6906,0.6938,0.6863,0.693,258262.5,0
2026-07-28T20:00:00Z,0.6934,0.6969,0.6888,0.6927,240800.9,0
2026-07-29T00:00:00Z,0.6927,0.6968,0.6816,0.6818,265497.5,0
2026-07-29T04:00:00Z,0.6818,0.6887,0.6791,0.6879,243078.4,0
2026-07-29T08:00:00Z,0.6881,0.6917,0.685,0.6893,170854.29514744622,0
2026-07-29T12:00:00Z,0.689,0.6912,0.6807,0.682,500264.6,0
2026-07-29T16:00:00Z,0.6824,0.6977,0.6806,0.6821,907301.1,0
2026-07-29T20:00:00Z,0.6823,0.6873,0.6766,0.6862,638501.1,0
2026-07-30T00:00:00Z,0.6863,0.6919,0.6819,0.6881,383567.3,0
2026-07-30T04:00:00Z,0.6876,0.6894,0.6838,0.6868,161120.2,0
2026-07-30T08:00:00Z,0.687,0.6952,0.6862,0.6933,255052.5,0
2026-07-30T12:00:00Z,0.6936,0.7014,0.6902,0.6997,469625.4,0
2026-07-30T16:00:00Z,0.6998,0.7076,0.699,0.6993,444522.9,0
2026-07-30T20:00:00Z,0.6994,0.7021,0.692,0.6922,481493.59944687,0
2026-07-31T00:00:00Z,0.6923,0.6971,0.6855,0.6901,425876.1,0
2026-07-31T04:00:00Z,0.69,0.6917,0.6841,0.6902,220052.8,0
2026-07-31T08:00:00Z,0.6901,0.6919,0.6833,0.688,310526.9,0
2026-07-31T12:00:00Z,0.6883,0.6905,0.6785,0.6837,848833.2,0
2026-07-31T16:00:00Z,0.6839,0.686,0.6769,0.6794,202353.1,0
2026-07-31T20:00:00Z,0.6793,0.6839,0.6793,0.6819,392594.1,0
2026-08-01T00:00:00Z,0.6823,0.6868,0.6822,0.6862,173794.0,0
2026-08-01T04:00:00Z,0.6868,0.6902,0.6834,0.6849,135455.0,0
2026-08-01T08:00:00Z,0.6848,0.6852,0.6827,0.6847,60215.4,0
2026-08-01T12:00:00Z,0.6847,0.686,0.6827,0.6827,82907.50879629924,0
2026-08-01T16:00:00Z,0.6827,0.6847,0.6633,0.6715,775002.3,0
2026-08-01T20:00:00Z,0.6715,0.6791,0.6713,0.6759,367083.3,0
2026-08-02T00:00:00Z,0.676,0.6906,0.676,0.6895,385812.4,0
2026-08-02T04:00:00Z,0.69,0.694,0.6894,0.6913,251651.7,0
2026-08-02T08:00:00Z,0.6916,0.6917,0.6839,0.6852,205403.1,0
2026-08-02T12:00:00Z,0.6854,0.6932,0.6854,0.6897,197805.5,0
2026-08-02T16:00:00Z,0.6902,0.695,0.6888,0.6928,124607.0,0
2026-08-02T20:00:00Z,0.6928,0.6958,0.688,0.6899,434383.1,0
2026-08-03T00:00:00Z,0.69,0.6901,0.6843,0.6864,170916.7,0
2026-08-03T04:00:00Z,0.6864,0.69,0.684,0.6851,184644.0,0
2026-08-03T08:00:00Z,0.685,0.6879,0.6791,0.6855,194654.7,0
2026-08-03T12:00:00Z,0.6858,0.6983,0.6842,0.6938,479422.3,0
