entry_time,exit_time,regime,pnl,hours,safety_orders,capital,entry_distance_ema200_pct,entry_ema200_slope_pct
2025-05-03T00:00:00Z,2025-05-04T00:00:00Z,Medium,1.2984999999999858,28,0,100.0,7.836233591422981,0.07881819064274875
2025-05-04T04:00:00Z,2025-05-04T04:00:00Z,Medium,1.2985,4,0,100.0,8.391196969452785,0.08440481953881918
2025-05-04T08:00:00Z,2025-05-08T00:00:00Z,Medium,3.1163999999999943,92,1,240.0,8.848401998119137,0.08900781675935665
2025-05-08T04:00:00Z,2025-05-08T04:00:00Z,Medium,1.2984999999999858,4,0,100.0,8.379714695284957,0.08428922504384317
2025-05-08T08:00:00Z,2025-05-08T16:00:00Z,Medium,3.116399999999966,12,1,240.0,12.785188478443743,0.12865967699140501
2025-05-08T20:00:00Z,2025-05-08T20:00:00Z,High-Bull,1.7979999999999998,4,0,100.0,6.724617111817244,0.067629798561053
2025-05-09T00:00:00Z,2025-05-09T00:00:00Z,High-Bull,1.7979999999999998,4,0,100.0,8.334436809260225,0.08383340554241059
2025-05-09T12:00:00Z,2025-05-10T08:00:00Z,High-Bull,7.839280000000027,24,2,436.0,14.080035939286795,0.14170842750560464
2025-05-10T16:00:00Z,2025-05-10T20:00:00Z,High-Bull,7.839280000000027,8,2,436.0,19.03080483443016,0.19163089181359894
2025-05-11T00:00:00Z,2025-05-11T08:00:00Z,High-Bull,61.841718067200155,12,7,3439.472639999999,19.586152893101172,0.1972340044902321
2025-05-11T12:00:00Z,2025-05-12T08:00:00Z,High-Bull,12.772992000000084,24,3,710.3999999999999,17.025809636289214,0.17140696542639056
2025-05-12T12:00:00Z,2025-05-12T12:00:00Z,Medium,1.2984999999999858,4,0,100.0,15.880565133148373,0.15985881020728065
2025-05-12T16:00:00Z,2025-05-12T16:00:00Z,Medium,1.2984999999999858,4,0,100.0,10.631527622970882,0.10696381417509837
2025-05-12T20:00:00Z,2025-05-12T20:00:00Z,Medium,1.2984999999999858,4,0,100.0,6.7879294067269225,0.06826696804347332
2025-05-13T00:00:00Z,2025-05-13T12:00:00Z,Medium,3.1163999999999374,16,1,240.0,8.813318174867412,0.08865458880256138
2025-05-13T16:00:00Z,2025-05-13T16:00:00Z,Medium,1.2984999999999858,4,0,100.0,6.573542650770903,0.06610943097902222
2025-05-13T20:00:00Z,2025-05-14T16:00:00Z,High-Bull,88.3764052940794,24,8,4915.261695999998,12.414647685426061,0.12492619932602533
2025-05-14T20:00:00Z,2025-05-15T12:00:00Z,High-Bear,29.046925599999987,20,4,2236.96,2.8049999781449175,0.02819890409446746
2025-05-15T16:00:00Z,2025-05-16T04:00:00Z,High-Bear,7.842939999999833,16,2,604.0,0.39227083022157494,0.003942575837156959
2025-05-16T08:00:00Z,2025-05-16T12:00:00Z,High-Bear,15.415791999999993,8,3,1187.2,0.1350369358968262,0.0013571735536066498
2025-05-16T16:00:00Z,2025-05-18T12:00:00Z,Medium,3.1163999999999943,48,1,240.0,-0.8346832907898394,-0.0083880731351349
2025-05-18T16:00:00Z,2025-05-19T16:00:00Z,Medium,5.66146000000002,28,2,436.0,-1.9075039279471961,-0.01916721922097242
2025-05-19T20:00:00Z,2025-05-20T04:00:00Z,High-Bear,3.635799999999988,12,1,280.0,-7.983917899794324,-0.08017604733666639
2025-05-20T08:00:00Z,2025-05-20T12:00:00Z,High-Bear,7.842939999999946,8,2,604.0,-8.684897723166785,-0.08720928327747846
2025-05-20T16:00:00Z,2025-05-20T20:00:00Z,High-Bear,3.6357999999999318,8,1,280.0,-9.258286527127224,-0.09296160678602394
2025-05-21T00:00:00Z,2025-05-21T04:00:00Z,High-Bear,3.635799999999988,8,1,280.0,-7.012916968749561,-0.07043193603574194
2025-05-21T08:00:00Z,2025-05-21T20:00:00Z,High-Bear,29.046925599999533,16,4,2236.96,-7.391092859408022,-0.07422720259233628
2025-05-22T00:00:00Z,2025-05-22T00:00:00Z,Medium,1.2984999999999858,4,0,100.0,-6.652490851954818,-0.06681453287705752
2025-05-22T04:00:00Z,2025-05-22T04:00:00Z,Medium,1.2984999999999858,4,0,100.0,-3.070215181582703,-0.03084691572757814
2025-05-22T08:00:00Z,2025-05-22T08:00:00Z,Medium,1.2984999999999858,4,0,100.0,-0.4609648073156225,-0.004632597514275805
2025-05-22T12:00:00Z,2025-05-22T16:00:00Z,Medium,1.2985,8,0,100.0,-0.23534007688327252,-0.002365170961682317
2025-05-22T20:00:00Z,2025-05-22T20:00:00Z,Medium,1.2985,4,0,100.0,-1.4214055122730773,-0.014283442076767905
2025-05-23T00:00:00Z,2025-05-23T00:00:00Z,Medium,1.2985,4,0,100.0,-0.744139704889768,-0.007478231722601869
2025-05-23T04:00:00Z,2025-06-03T12:00:00Z,Medium,14.212861599999794,276,4,1094.5599999999997,-1.5107303400731964,-0.015180914546653046
2025-06-03T16:00:00Z,2025-06-04T04:00:00Z,Low,20.528765599999613,16,4,1580.9600000000003,-6.094296057896409,-0.061211714922260185
2025-06-04T08:00:00Z,2025-06-04T16:00:00Z,Low,3.3760999999999206,12,1,260.0,-8.194128001217893,-0.0822852808038399
2025-06-04T20:00:00Z,2025-06-06T12:00:00Z,Low,55.92973993599981,44,6,4307.257600000001,-7.291720511509602,-0.07322995766497753
2025-06-06T16:00:00Z,2025-06-09T08:00:00Z,Medium,3.116399999999966,68,1,240.0,-8.853839768690563,-0.08890420435063717
2025-06-09T12:00:00Z,2025-06-09T20:00:00Z,Low,6.700259999999895,12,2,516.0,-7.387753676873565,-0.07419369275988297
2025-06-10T00:00:00Z,2025-06-10T12:00:00Z,Low,6.700259999999895,16,2,516.0,-6.802871276465828,-0.0683238521884344
2025-06-10T16:00:00Z,2025-06-10T16:00:00Z,Low,1.2984999999999858,4,0,100.0,-7.7843107755649505,-0.07817312097371243
2025-06-10T20:00:00Z,2025-06-10T20:00:00Z,Low,1.2984999999999858,4,0,100.0,-6.365163454393952,-0.06393059464869788
2025-06-11T00:00:00Z,2025-06-11T00:00:00Z,Low,1.2984999999999858,4,0,100.0,-2.7757363098981247,-0.027889067165176584
2025-06-11T04:00:00Z,2025-06-11T04:00:00Z,Low,1.2984999999999858,4,0,100.0,-1.444091073471665,-0.014511372020542535
2025-06-11T08:00:00Z,2025-06-11T12:00:00Z,Low,3.3760999999999775,8,1,260.0,-0.2749928846931926,-0.002763671203942497
2025-06-11T16:00:00Z,2025-06-12T00:00:00Z,Low,12.018916000000015,12,3,925.6000000000001,1.8565537914767338,0.01866231424503262
2025-06-12T04:00:00Z,2025-06-12T12:00:00Z,Low,6.700260000000009,12,2,516.0,-2.5295675508651305,-0.025416327916394366
2025-06-12T16:00:00Z,2025-06-12T16:00:00Z,Low,1.2985,4,0,100.0,-3.042604374663449,-0.03056959058254094
2025-06-12T20:00:00Z,2025-06-15T12:00:00Z,Low,55.9297399359989,68,6,4307.257600000001,-3.934420908242642,-0.03952628922265777
2025-06-15T16:00:00Z,2025-06-16T00:00:00Z,Low,34.144524960000105,12,5,2629.5360000000005,-8.569102505934156,-0.08604752768927026
2025-06-16T04:00:00Z,2025-06-16T04:00:00Z,Low,1.2984999999999858,4,0,100.0,-11.398147285383498,-0.1144231674796492
2025-06-16T08:00:00Z,2025-06-16T08:00:00Z,Low,1.2984999999999858,4,0,100.0,-7.628256561999214,-0.07660716352783092
2025-06-16T12:00:00Z,2025-06-16T20:00:00Z,Low,3.3760999999999775,12,1,260.0,-6.74488831004727,-0.06774190145180103
2025-06-17T00:00:00Z,2025-06-17T04:00:00Z,Low,55.92973993599981,8,6,4307.257600000001,-9.198672694998944,-0.09236358262655342
2025-06-17T08:00:00Z,2025-06-17T20:00:00Z,Low,34.14452495999965,16,5,2629.5360000000005,-14.288356154122607,-0.14339565098290263
2025-06-18T00:00:00Z,2025-06-18T00:00:00Z,Medium,1.2985,4,0,100.0,-14.37024349524737,-0.14421627402523285
2025-06-18T04:00:00Z,2025-06-19T00:00:00Z,Medium,3.116399999999966,24,1,240.0,-9.992840285800531,-0.10032979386671581
2025-06-19T04:00:00Z,2025-06-20T08:00:00Z,Medium,1.2984999999999716,32,0,100.0,-5.871651324384841,-0.05897676798195528
2025-06-20T12:00:00Z,2025-06-22T16:00:00Z,Medium,9.22454399999995,56,3,710.3999999999999,-6.183186687657971,-0.06210398675594586
2025-06-22T20:00:00Z,2025-06-23T00:00:00Z,High-Bear,15.415791999999993,8,3,1187.2,-22.013527031628843,-0.22075308032781793
2025-06-23T04:00:00Z,2025-06-23T04:00:00Z,High-Bear,1.2985,4,0,100.0,-21.148463043357523,-0.21209656161212953
2025-06-23T08:00:00Z,2025-06-23T12:00:00Z,High-Bear,7.842939999999946,8,2,604.0,-20.35782577213271,-0.20418350201544255
2025-06-23T16:00:00Z,2025-06-23T16:00:00Z,Medium,1.2984999999999858,4,0,100.0,-18.897099046099253,-0.18956057885186617
2025-06-23T20:00:00Z,2025-06-23T20:00:00Z,High-Bear,1.2985,4,0,100.0,-13.445196059338361,-0.13494525031017002
2025-06-24T00:00:00Z,2025-06-24T04:00:00Z,High-Bear,7.842939999999833,8,2,604.0,0.3986130323476056,0.004006321628824416
2025-06-24T08:00:00Z,2025-06-24T12:00:00Z,High-Bear,3.6357999999999318,8,1,280.0,0.11974345271985598,0.0012034662692839149
2025-06-24T16:00:00Z,2025-06-24T16:00:00Z,High-Bear,1.2985,4,0,100.0,0.7028344612618698,0.007064161915826261
2025-06-24T20:00:00Z,2025-06-25T12:00:00Z,High-Bear,53.58296608000034,20,5,4126.528,0.7421797708109468,0.007459649596186502
2025-06-25T16:00:00Z,2025-06-25T16:00:00Z,High-Bear,1.2984999999999858,4,0,100.0,-5.238872225739644,-0.0526242744446348
2025-06-25T20:00:00Z,2025-06-26T08:00:00Z,High-Bear,7.842939999999946,16,2,604.0,-4.910014195983637,-0.04932253721009472
2025-06-26T12:00:00Z,2025-06-27T12:00:00Z,High-Bear,29.046925599999987,28,4,2236.96,-7.278192393697857,-0.07309419555292518
2025-06-27T16:00:00Z,2025-06-28T00:00:00Z,High-Bear,3.635799999999988,12,1,280.0,-8.176423605351701,-0.08210763956711942
2025-06-28T04:00:00Z,2025-06-28T16:00:00Z,High-Bear,3.635799999999988,16,1,280.0,-7.399083816035946,-0.07430739446872003
2025-06-28T20:00:00Z,2025-06-29T08:00:00Z,High-Bear,3.6357999999999318,16,1,280.0,-6.700623411199224,-0.06729762864862154
2025-06-29T12:00:00Z,2025-06-29T12:00:00Z,High-Bear,1.2984999999999858,4,0,100.0,-5.721681232554676,-0.05747128551555347
2025-06-29T16:00:00Z,2025-06-30T00:00:00Z,High-Bear,3.635799999999988,12,1,280.0,-6.426605865200841,-0.06454731320386653
2025-06-30T04:00:00Z,2025-06-30T04:00:00Z,High-Bear,1.2985,4,0,100.0,-4.558412669969636,-0.045792213787876346
2025-06-30T08:00:00Z,2025-06-30T12:00:00Z,High-Bear,7.842939999999946,8,2,604.0,-4.752621977063876,-0.04774224089275636
2025-06-30T16:00:00Z,2025-06-30T16:00:00Z,High-Bear,1.2984999999999858,4,0,100.0,-3.2265628984316286,-0.032417255631023156
2025-06-30T20:00:00Z,2025-06-30T20:00:00Z,High-Bear,1.2984999999999858,4,0,100.0,-1.4600073725856033,-0.01467128814770513
2025-07-01T00:00:00Z,2025-07-02T04:00:00Z,High-Bear,53.58296607999943,32,5,4126.528,-2.1113763167882937,-0.02121536060992746
2025-07-02T08:00:00Z,2025-07-02T12:00:00Z,High-Bear,7.842939999999946,8,2,604.0,-5.9539855678770515,-0.059803265227098557
2025-07-02T16:00:00Z,2025-07-02T16:00:00Z,High-Bear,1.2984999999999858,4,0,100.0,-5.4289881052207445,-0.05453293988342267
2025-07-02T20:00:00Z,2025-07-03T08:00:00Z,High-Bear,7.842939999999946,16,2,604.0,-2.3636887865489564,-0.023750024219992838
2025-07-03T12:00:00Z,2025-07-04T00:00:00Z,High-Bear,7.842939999999946,16,2,604.0,-3.227533497454793,-0.03242700407070087
2025-07-04T04:00:00Z,2025-07-05T12:00:00Z,High-Bear,15.415791999999993,36,3,1187.2,-3.9524997543953555,-0.03970784223144008
2025-07-05T16:00:00Z,2025-07-06T08:00:00Z,High-Bear,3.635799999999988,20,1,280.0,-6.370470124179761,-0.06398385981412069
2025-07-06T12:00:00Z,2025-07-06T12:00:00Z,High-Bear,1.2985,4,0,100.0,-6.932714335017732,-0.06962700797441546
2025-07-06T16:00:00Z,2025-07-06T20:00:00Z,High-Bear,3.635799999999988,8,1,280.0,-4.469000899519604,-0.044894417764684835
2025-07-07T00:00:00Z,2025-07-08T16:00:00Z,High-Bear,29.046925599999987,44,4,2236.96,-4.265898012316605,-0.04285497349603151
2025-07-08T20:00:00Z,2025-07-08T20:00:00Z,High-Bear,1.2984999999999858,4,0,100.0,-7.123421869257762,-0.07154096185663095
2025-07-09T00:00:00Z,2025-07-09T16:00:00Z,Medium,1.2984999999999858,20,0,100.0,-3.952395881577553,-0.03970679911240449
2025-07-09T20:00:00Z,2025-07-10T08:00:00Z,Medium,1.2984999999999858,16,0,100.0,-1.4638168046024913,-0.014709562648762553
2025-07-10T12:00:00Z,2025-07-10T16:00:00Z,Medium,1.2984999999999858,8,0,100.0,-0.40274170587610847,-0.004047491506931067
2025-07-10T20:00:00Z,2025-07-10T20:00:00Z,Medium,1.2984999999999716,4,0,100.0,3.0637193072854174,0.0308006326855903
2025-07-11T00:00:00Z,2025-07-11T00:00:00Z,High-Bear,1.2984999999999858,4,0,100.0,7.632076686230627,0.0767631689462478
2025-07-11T04:00:00Z,2025-07-11T12:00:00Z,High-Bear,29.046925599999533,12,4,2236.96,13.924414764484272,0.14013998429294183
2025-07-11T16:00:00Z,2025-07-11T20:00:00Z,High-Bear,3.6357999999999318,8,1,280.0,10.44344576789693,0.10506953414790576
2025-07-12T00:00:00Z,2025-07-12T04:00:00Z,High-Bear,3.635799999999988,8,1,280.0,9.320695204653529,0.09376316163984821
2025-07-12T08:00:00Z,2025-07-12T16:00:00Z,High-Bear,15.415791999999765,12,3,1187.2,8.552481917928901,0.08602853761863205
2025-07-12T20:00:00Z,2025-07-12T20:00:00Z,Medium,1.2984999999999858,4,0,100.0,6.584868554552847,0.06622340983963859
2025-07-13T00:00:00Z,2025-07-13T00:00:00Z,Medium,1.2984999999999716,4,0,100.0,7.555044678631684,0.07598779487925089
2025-07-13T04:00:00Z,2025-07-13T04:00:00Z,Medium,1.2984999999999858,4,0,100.0,10.276573004418065,0.10338892304093683
2025-07-13T08:00:00Z,2025-07-13T08:00:00Z,Medium,1.2985,4,0,100.0,10.236305170360293,0.10298338556766762
2025-07-13T12:00:00Z,2025-07-13T12:00:00Z,Medium,1.2984999999999716,4,0,100.0,13.786310709451953,0.1387481302290272
2025-07-13T16:00:00Z,2025-07-13T16:00:00Z,Medium,1.2984999999999858,4,0,100.0,17.020573746006495,0.17135416289115746
2025-07-13T20:00:00Z,2025-07-13T20:00:00Z,Medium,1.2984999999999858,4,0,100.0,21.259847564040047,0.21412432229708234
2025-07-14T00:00:00Z,2025-07-14T00:00:00Z,Low,1.2985,4,0,100.0,20.979951227857097,0.21129931377721345
2025-07-23T20:00:00Z,2025-07-24T00:00:00Z,High-Bear,3.6357999999999318,8,1,280.0,20.991733247945675,0.2114182271177878
2025-07-24T04:00:00Z,2025-07-24T08:00:00Z,High-Bear,7.842939999999946,8,2,604.0,20.20007874650225,0.2034288596617806
2025-07-25T00:00:00Z,2025-07-25T04:00:00Z,High-Bear,15.415791999999993,8,3,1187.2,14.616607841073082,0.14711669659983606
2025-07-25T08:00:00Z,2025-07-25T08:00:00Z,High-Bear,1.2984999999999858,4,0,100.0,10.934651022833775,0.11001689433463024
2025-07-25T12:00:00Z,2025-07-26T00:00:00Z,High-Bear,53.58296607999943,16,5,4126.528,16.375832309977746,0.16485254559199802
2025-07-26T04:00:00Z,2025-07-26T04:00:00Z,High-Bear,1.2985,4,0,100.0,13.069282753599442,0.1315223294343637
2025-07-26T08:00:00Z,2025-07-27T16:00:00Z,High-Bear,7.842939999999946,36,2,604.0,13.406486328032718,0.13492034578637124
2025-07-27T20:00:00Z,2025-07-27T20:00:00Z,High-Bear,1.2985,4,0,100.0,11.73705469467954,0.11809965946034673
2025-07-28T04:00:00Z,2025-07-28T04:00:00Z,High-Bear,1.2984999999999858,4,0,100.0,13.284677947200251,0.1336928503699486
2025-07-28T16:00:00Z,2025-07-29T08:00:00Z,High-Bear,29.046925599999533,20,4,2236.96,8.670890490951288,0.08722063614872155
2025-07-29T12:00:00Z,2025-07-29T16:00:00Z,High-Bear,53.58296607999943,8,5,4126.528,3.264902662027991,0.032823862604947074
2025-07-29T20:00:00Z,2025-07-30T00:00:00Z,High-Bear,7.842939999999946,8,2,604.0,0.02243732901785478,0.0002255013026530861
2025-07-30T04:00:00Z,2025-07-30T04:00:00Z,High-Bear,1.2985,4,0,100.0,0.0006952696401496539,6.9876350705655454e-06
2025-07-30T08:00:00Z,2025-07-30T16:00:00Z,High-Bear,53.58296608000034,12,5,4126.528,-0.5482551632392973,-0.00550979854757605
2025-07-30T20:00:00Z,2025-07-30T20:00:00Z,High-Bear,1.2984999999999858,4,0,100.0,-5.856678367873802,-0.05882646322740159
2025-07-31T00:00:00Z,2025-07-31T00:00:00Z,High-Bear,1.2984999999999858,4,0,100.0,-4.0777581726768375,-0.04096570542989619
2025-07-31T04:00:00Z,2025-07-31T08:00:00Z,High-Bear,3.635799999999988,8,1,280.0,-2.644805387811866,-0.026573895075410192
2025-07-31T12:00:00Z,2025-07-31T16:00:00Z,High-Bear,7.842939999999946,8,2,604.0,-2.491724196038947,-0.025036184556492813
2025-07-31T20:00:00Z,2025-08-01T12:00:00Z,High-Bear,53.58296607999943,20,5,4126.528,-5.125884427736594,-0.05148990065263481
2025-08-01T16:00:00Z,2025-08-02T04:00:00Z,High-Bear,53.58296607999943,16,5,4126.528,-8.610400571663368,-0.08646186792454769
2025-08-02T08:00:00Z,2025-08-02T08:00:00Z,High-Bear,1.2985,4,0,100.0,-11.375822229442,-0.1141993077307224
2025-08-02T12:00:00Z,2025-08-02T20:00:00Z,High-Bear,7.842939999999946,12,2,604.0,-10.068319344676368,-0.10108685022893749
2025-08-03T00:00:00Z,2025-08-03T04:00:00Z,High-Bear,3.635799999999988,8,1,280.0,-10.259330039273706,-0.10300263978400004
2025-08-03T08:00:00Z,2025-08-03T08:00:00Z,High-Bear,1.2984999999999858,4,0,100.0,-7.691205894071318,-0.07723884718897622
2025-08-03T12:00:00Z,2025-08-04T00:00:00Z,High-Bear,7.84294000000006,16,2,604.0,-2.3204715364851247,-0.023315884402252962
2025-08-04T04:00:00Z,2025-08-04T12:00:00Z,High-Bear,7.842939999999946,12,2,604.0,-1.5139367833880146,-0.015213130313684875
2025-08-04T16:00:00Z,2025-08-05T08:00:00Z,High-Bear,29.046925599999533,20,4,2236.96,1.0393203881602142,0.010446522221063681
2025-08-05T12:00:00Z,2025-08-06T12:00:00Z,High-Bear,29.046925599999987,28,4,2236.96,-0.43643807315152383,-0.004386119904065122
2025-08-06T16:00:00Z,2025-08-06T16:00:00Z,High-Bear,1.2984999999999858,4,0,100.0,-2.1030215225308346,-0.02113142838233717
2025-08-06T20:00:00Z,2025-08-07T04:00:00Z,High-Bear,15.415791999999765,12,3,1187.2,0.484753528099402,0.00487213211992632
2025-08-07T08:00:00Z,2025-08-07T08:00:00Z,Medium,1.2985,4,0,100.0,-2.302684618193973,-0.023137204435630387
2025-08-07T12:00:00Z,2025-08-07T12:00:00Z,Medium,1.2985,4,0,100.0,0.7000868029785501,0.007036543365734893
2025-08-07T16:00:00Z,2025-08-07T20:00:00Z,Medium,1.2985,8,0,100.0,2.0045339001529383,0.020150128807205903
2025-08-08T00:00:00Z,2025-08-08T04:00:00Z,Medium,1.2984999999999858,8,0,100.0,6.510254120665104,0.06547252812689752
2025-08-08T08:00:00Z,2025-08-08T20:00:00Z,Medium,1.2984999999999858,16,0,100.0,6.619344805308103,0.06657036509860603
2025-08-09T00:00:00Z,2025-08-09T04:00:00Z,Medium,1.2984999999999858,8,0,100.0,7.679996383650356,0.0772455159445462
2025-08-09T08:00:00Z,2025-08-09T08:00:00Z,Medium,1.2984999999999716,4,0,100.0,9.51166597733466,0.09568610371766262
2025-08-09T12:00:00Z,2025-08-09T12:00:00Z,Medium,1.2984999999999858,4,0,100.0,13.197894055343973,0.13281832439280272
2025-08-09T16:00:00Z,2025-08-10T16:00:00Z,Medium,3.116399999999966,28,1,240.0,16.127145840352885,0.16234499954970172
2025-08-10T20:00:00Z,2025-08-11T00:00:00Z,Medium,1.2984999999999858,8,0,100.0,14.394857250376592,0.14488153508074308
2025-08-11T04:00:00Z,2025-08-12T16:00:00Z,Medium,1.2984999999999858,40,0,100.0,16.23362565231168,0.16341863740860774
2025-08-12T20:00:00Z,2025-08-12T20:00:00Z,Medium,1.2984999999999858,4,0,100.0,17.446333749140152,0.17564801898246607
2025-08-13T00:00:00Z,2025-08-13T16:00:00Z,Medium,1.2984999999999858,20,0,100.0,17.15260163820611,0.172685645417614
2025-08-13T20:00:00Z,2025-08-14T04:00:00Z,Medium,1.2984999999999858,12,0,100.0,17.601781986988296,0.1772158304634397
2025-08-14T08:00:00Z,2025-08-22T16:00:00Z,Medium,14.212861599999794,204,4,1094.5599999999997,16.709247224598876,0.16821461930862647
2025-08-22T20:00:00Z,2025-08-22T20:00:00Z,Medium,1.2984999999999858,4,0,100.0,0.34506120615793723,0.0034680720917501517
2025-08-23T00:00:00Z,2025-08-23T04:00:00Z,Medium,3.1163999999999943,8,1,240.0,1.1739015854764112,0.011799397977840798
2025-08-23T08:00:00Z,2025-08-23T12:00:00Z,Medium,1.2985,8,0,100.0,-1.852657356136822,-0.018616205644550465
2025-08-23T16:00:00Z,2025-08-23T20:00:00Z,Medium,1.2985,8,0,100.0,-0.976517845777447,-0.009813286605853122
2025-08-24T00:00:00Z,2025-08-24T00:00:00Z,Medium,1.2984999999999858,4,0,100.0,0.0032808267053763274,3.297314359329562e-05
2025-08-24T04:00:00Z,2025-08-24T04:00:00Z,Medium,1.2984999999999858,4,0,100.0,-0.8297358313244629,-0.00833835824097795
2025-08-24T08:00:00Z,2025-08-26T20:00:00Z,Medium,5.6614599999999635,64,2,436.0,1.78580265294217,0.01795098715726695
2025-08-27T00:00:00Z,2025-08-27T12:00:00Z,Medium,1.2985,16,0,100.0,-5.969181750646868,-0.059955807834233266
2025-08-27T16:00:00Z,2025-08-30T04:00:00Z,Medium,5.6614599999999635,64,2,436.0,-2.470342754100141,-0.024821402817820637
2025-08-30T08:00:00Z,2025-08-31T00:00:00Z,Medium,1.2984999999999858,20,0,100.0,-10.982569893104433,-0.11025588907561668
2025-08-31T04:00:00Z,2025-09-03T16:00:00Z,Medium,3.1163999999999374,88,1,240.0,-10.01113860014743,-0.10051332735311336
2025-09-03T20:00:00Z,2025-09-03T20:00:00Z,Medium,1.2984999999999858,4,0,100.0,-7.186989987412273,-0.07217891955467737
2025-09-04T00:00:00Z,2025-09-04T12:00:00Z,Medium,3.116399999999966,16,1,240.0,-3.507934863292439,-0.035243201555146264
2025-09-04T16:00:00Z,2025-09-04T16:00:00Z,Low,1.2984999999999858,4,0,100.0,-6.57464063356783,-0.06603315769597717
2025-09-04T20:00:00Z,2025-09-04T20:00:00Z,Low,1.2984999999999858,4,0,100.0,-5.6076347557765915,-0.05632639374215653
2025-09-05T00:00:00Z,2025-09-05T00:00:00Z,Low,1.2984999999999858,4,0,100.0,-5.6899145363728305,-0.057152388083758776
2025-09-05T04:00:00Z,2025-09-05T04:00:00Z,Low,1.2985,4,0,100.0,-4.286120798973625,-0.04305804300740457
2025-09-05T08:00:00Z,2025-09-05T08:00:00Z,Medium,1.2984999999999716,4,0,100.0,1.4824845225947625,0.014901562170321903
2025-09-05T12:00:00Z,2025-09-05T12:00:00Z,Medium,1.2985,4,0,100.0,3.5869306731940442,0.036062554894833454
2025-09-05T16:00:00Z,2025-09-05T16:00:00Z,Medium,1.2984999999999858,4,0,100.0,0.9111335595846759,0.009157959807359894
2025-09-05T20:00:00Z,2025-09-05T20:00:00Z,Medium,1.2985,4,0,100.0,0.8249252563691467,0.008291393509241018
2025-09-06T00:00:00Z,2025-09-10T00:00:00Z,Medium,3.116399999999966,100,1,240.0,2.2227024659499994,0.022343709549077495
2025-09-10T04:00:00Z,2025-09-10T04:00:00Z,Low,1.2984999999999858,4,0,100.0,-1.0223117452478614,-0.010273434359009403
2025-09-10T08:00:00Z,2025-09-10T08:00:00Z,Low,1.2984999999999858,4,0,100.0,-0.9350068272575451,-0.009396170577091745
2025-09-10T12:00:00Z,2025-09-10T12:00:00Z,Low,1.2985,4,0,100.0,-0.9837213540098588,-0.009885669412756926
2025-09-10T16:00:00Z,2025-09-10T20:00:00Z,Low,3.3760999999999775,8,1,260.0,3.2729374280074497,0.032904667107280794
2025-09-11T00:00:00Z,2025-09-11T16:00:00Z,Low,20.528765600000067,20,4,1580.9600000000003,1.394776240660045,0.014019816942067997
2025-09-11T20:00:00Z,2025-09-12T00:00:00Z,Low,3.3760999999999206,8,1,260.0,0.6341387510789387,0.006373659989233893
2025-09-12T04:00:00Z,2025-09-12T16:00:00Z,Low,3.3760999999999775,16,1,260.0,1.72595093435719,0.017349249988929394
2025-09-12T20:00:00Z,2025-09-13T04:00:00Z,Low,6.700260000000009,12,2,516.0,2.3161432341648247,0.023283241280247502
2025-09-13T08:00:00Z,2025-09-13T08:00:00Z,Low,1.2984999999999716,4,0,100.0,1.2051398322964202,0.012113425286530699
2025-09-13T12:00:00Z,2025-09-13T12:00:00Z,Low,1.2985,4,0,100.0,4.620860272739846,0.04646238426728733
2025-09-13T16:00:00Z,2025-09-16T12:00:00Z,Low,55.92973993599981,72,6,4307.257600000001,3.4566048957178186,0.03475182039038849
2025-09-16T16:00:00Z,2025-09-17T08:00:00Z,Low,6.700259999999895,20,2,516.0,-3.310989247190077,-0.033265204420585004
2025-09-17T12:00:00Z,2025-09-17T12:00:00Z,Low,1.2984999999999858,4,0,100.0,-3.834037216213726,-0.038518195118353304
2025-09-17T16:00:00Z,2025-09-17T20:00:00Z,Low,1.2985,8,0,100.0,-4.455964974518311,-0.0447635208814634
2025-09-18T00:00:00Z,2025-09-18T16:00:00Z,Low,6.700259999999895,20,2,516.0,-3.0780695911456157,-0.03092580576203874
2025-09-18T20:00:00Z,2025-09-21T04:00:00Z,Low,55.9297399359989,60,6,4307.257600000001,-5.161785144452125,-0.05185033910904968
2025-09-21T08:00:00Z,2025-09-21T08:00:00Z,Low,1.2984999999999858,4,0,100.0,-7.742562843198664,-0.0777541977444729
2025-09-21T12:00:00Z,2025-09-21T12:00:00Z,Low,1.2985,4,0,100.0,-8.244948087120296,-0.08279519262782697
2025-09-21T16:00:00Z,2025-09-22T12:00:00Z,Low,55.92973993599981,24,6,4307.257600000001,-7.595629002380044,-0.07627974950354943
2025-09-22T16:00:00Z,2025-09-24T04:00:00Z,Low,34.14452495999965,40,5,2629.5360000000005,-11.9862256036546,-0.12031963638784449
2025-09-24T08:00:00Z,2025-09-24T08:00:00Z,Low,1.2985,4,0,100.0,-14.696930559341737,-0.14748999053116885
2025-09-24T12:00:00Z,2025-09-24T12:00:00Z,Low,1.2984999999999716,4,0,100.0,-14.14648490638044,-0.1419738753119404
2025-09-24T16:00:00Z,2025-09-26T16:00:00Z,Low,55.92973993599981,52,6,4307.257600000001,-11.956297604730736,-0.12001957494637283
2025-09-26T20:00:00Z,2025-09-28T20:00:00Z,Low,55.92973993599981,52,6,4307.257600000001,-12.909705617654922,-0.1295776635451773
2025-09-29T00:00:00Z,2025-09-29T00:00:00Z,Low,1.2984999999999716,4,0,100.0,-14.786250065999573,-0.14838501995867448
2025-09-29T04:00:00Z,2025-09-29T12:00:00Z,Low,6.700260000000009,12,2,516.0,-14.490829613840939,-0.1454246871377851
2025-09-29T16:00:00Z,2025-09-29T20:00:00Z,Low,6.700260000000009,8,2,516.0,-14.40546856045437,-0.1445692731584125
2025-09-30T00:00:00Z,2025-10-01T08:00:00Z,Low,6.700260000000009,36,2,516.0,-14.072318078701606,-0.1412305895569399
2025-10-01T12:00:00Z,2025-10-01T12:00:00Z,Low,1.2985,4,0,100.0,-13.379140709025805,-0.13428316357408931
2025-10-01T16:00:00Z,2025-10-01T16:00:00Z,Low,1.2984999999999858,4,0,100.0,-9.421762414416124,-0.09460150035991433
2025-10-01T20:00:00Z,2025-10-01T20:00:00Z,Low,1.2985,4,0,100.0,-8.44642832240321,-0.08481672701858844
2025-10-02T00:00:00Z,2025-10-02T00:00:00Z,Low,1.2984999999999858,4,0,100.0,-7.130864056642594,-0.07161565067286269
2025-10-02T04:00:00Z,2025-10-02T08:00:00Z,Low,3.3760999999999775,8,1,260.0,-4.521805380248911,-0.04542463684999998
2025-10-02T12:00:00Z,2025-10-02T16:00:00Z,Low,3.3760999999999206,8,1,260.0,-0.751523116747943,-0.0075524257138082085
2025-10-02T20:00:00Z,2025-10-02T20:00:00Z,Low,1.2985,4,0,100.0,2.0043337669850336,0.020148116607932032
2025-10-03T00:00:00Z,2025-10-03T04:00:00Z,Low,3.3760999999999775,8,1,260.0,3.960014896363795,0.03981499071283867
2025-10-03T08:00:00Z,2025-10-03T16:00:00Z,Low,12.018915999999788,12,3,925.6000000000001,3.8407782732405416,0.03861569262686437
2025-10-03T20:00:00Z,2025-10-04T12:00:00Z,Low,20.52876559999984,20,4,1580.9600000000003,1.9703302014592472,0.019806235675390305
2025-10-04T16:00:00Z,2025-10-05T00:00:00Z,Low,3.3760999999999775,12,1,260.0,0.13576287882723914,0.0013644696610137785
2025-10-05T04:00:00Z,2025-10-05T08:00:00Z,Low,6.700260000000009,8,2,516.0,4.357402753494366,0.04381217916176183
2025-10-05T12:00:00Z,2025-10-05T20:00:00Z,Low,12.018916000000015,12,3,925.6000000000001,4.865525358675105,0.048923675904855024
2025-10-06T00:00:00Z,2025-10-06T12:00:00Z,Low,3.3760999999999775,16,1,260.0,3.1331751000758246,0.03149911580431208
2025-10-06T16:00:00Z,2025-10-06T20:00:00Z,Low,6.700260000000009,8,2,516.0,3.8271877025492396,0.038478998653812546
2025-10-07T00:00:00Z,2025-10-07T04:00:00Z,Low,3.3761000000000343,8,1,260.0,1.7803837981119397,0.017896506780101795
2025-10-07T08:00:00Z,2025-10-15T08:00:00Z,Low,55.9297399359989,196,6,4307.257600000001,1.6271038196612464,0.016355476786422685
2025-10-15T12:00:00Z,2025-10-17T20:00:00Z,Medium,9.224544000000062,60,3,710.3999999999999,0.9033963884492069,0.009080185110676986
2025-10-18T00:00:00Z,2025-10-18T00:00:00Z,Medium,1.2984999999999858,4,0,100.0,-8.027226138386013,-0.0806106064594414
2025-10-18T04:00:00Z,2025-10-18T04:00:00Z,Medium,1.2984999999999858,4,0,100.0,-6.600181377219028,-0.06628950903907471
2025-10-18T08:00:00Z,2025-10-19T12:00:00Z,Medium,1.2984999999999858,32,0,100.0,-7.043791846680126,-0.07074179840855788
2025-10-19T16:00:00Z,2025-10-19T16:00:00Z,Medium,1.2985,4,0,100.0,-5.71030613709278,-0.05735709418515089
2025-10-19T20:00:00Z,2025-10-20T04:00:00Z,Medium,1.2984999999999858,12,0,100.0,-5.263648920750208,-0.052873023823141185
2025-10-20T08:00:00Z,2025-10-21T12:00:00Z,Medium,3.1163999999999943,32,1,240.0,-4.430184722380426,-0.04450465411047766
2025-10-21T16:00:00Z,2025-10-24T12:00:00Z,Medium,5.66146000000002,72,2,436.0,-3.2490751763283754,-0.03264336250190514
2025-10-24T16:00:00Z,2025-10-24T20:00:00Z,Medium,1.2985,8,0,100.0,-8.710068796996639,-0.08746181721153157
2025-10-25T00:00:00Z,2025-10-26T08:00:00Z,Medium,1.2985,36,0,100.0,-8.313841754199714,-0.08348644043872921
2025-10-26T12:00:00Z,2025-10-26T12:00:00Z,Medium,1.2985,4,0,100.0,-4.4853054896449756,-0.04505813562424299
2025-10-26T16:00:00Z,2025-10-26T16:00:00Z,Medium,1.2985,4,0,100.0,-5.446863721491524,-0.054712398107814586
2025-10-26T20:00:00Z,2025-10-27T16:00:00Z,Medium,3.116399999999966,24,1,240.0,-4.199488701402931,-0.04218811071818873
2025-10-27T20:00:00Z,2025-10-30T12:00:00Z,Medium,5.6614599999999635,68,2,436.0,-6.034150132915805,-0.06060796941755875
2025-10-30T16:00:00Z,2025-10-30T20:00:00Z,Medium,3.116399999999966,8,1,240.0,-15.407656048508155,-0.1546113975493757
2025-10-31T00:00:00Z,2025-10-31T04:00:00Z,Medium,1.2984999999999858,8,0,100.0,-17.234136769592332,-0.1729079154066948
2025-10-31T08:00:00Z,2025-10-31T08:00:00Z,Medium,1.2984999999999858,4,0,100.0,-16.60682459209739,-0.16662465856607245
2025-10-31T12:00:00Z,2025-10-31T20:00:00Z,Medium,1.2984999999999858,12,0,100.0,-16.36991666125941,-0.16425154593041613
2025-11-01T00:00:00Z,2025-11-05T04:00:00Z,Medium,9.22454399999995,104,3,710.3999999999999,-14.592910652500956,-0.14644763497463353
2025-11-05T08:00:00Z,2025-11-05T08:00:00Z,Medium,1.2984999999999858,4,0,100.0,-19.921445880360267,-0.19981547486105367
2025-11-05T12:00:00Z,2025-11-05T12:00:00Z,Medium,1.2984999999999858,4,0,100.0,-17.154636612430764,-0.17211167316913967
2025-11-05T16:00:00Z,2025-11-05T16:00:00Z,Medium,1.2984999999999858,4,0,100.0,-9.026621209999487,-0.09063758490990281
2025-11-05T20:00:00Z,2025-11-05T20:00:00Z,Medium,1.2984999999999858,4,0,100.0,-8.470381197236609,-0.0850570506613968
2025-11-06T00:00:00Z,2025-11-06T08:00:00Z,Medium,3.116399999999966,12,1,240.0,-7.021628269102842,-0.07051936343260845
2025-11-06T12:00:00Z,2025-11-07T00:00:00Z,Medium,5.6614599999999635,16,2,436.0,-9.4896735614026,-0.09528272905983126
2025-11-07T04:00:00Z,2025-11-07T12:00:00Z,Medium,3.1163999999999943,12,1,240.0,-15.180993567494227,-0.15234036970621645
2025-11-07T16:00:00Z,2025-11-07T16:00:00Z,Medium,1.2984999999999858,4,0,100.0,-18.13972110013401,-0.18197699478205154
2025-11-07T20:00:00Z,2025-11-10T00:00:00Z,High-Bear,53.58296607999943,56,5,4126.528,-5.2032587545114195,-0.05226672544266231
2025-11-10T04:00:00Z,2025-11-10T04:00:00Z,High-Bear,1.2984999999999858,4,0,100.0,-7.63801421306426,-0.0767050800818625
2025-11-10T08:00:00Z,2025-11-10T20:00:00Z,High-Bear,15.415791999999765,16,3,1187.2,-7.567765584187313,-0.07600014142352673
2025-11-11T00:00:00Z,2025-11-11T00:00:00Z,High-Bear,1.2984999999999858,4,0,100.0,-9.301752900927351,-0.09339764103660775
2025-11-11T04:00:00Z,2025-11-11T20:00:00Z,High-Bear,53.58296607999943,20,5,4126.528,-8.314631224406256,-0.083494361569314
2025-11-12T00:00:00Z,2025-11-12T00:00:00Z,High-Bear,1.2985,4,0,100.0,-14.995710341010426,-0.15048386147771264
2025-11-12T04:00:00Z,2025-11-12T04:00:00Z,High-Bear,1.2984999999999858,4,0,100.0,-14.813479180431443,-0.1486578671179406
2025-11-12T08:00:00Z,2025-11-12T12:00:00Z,High-Bear,3.635799999999988,8,1,280.0,-14.411306830907055,-0.14462777967654272
2025-11-12T16:00:00Z,2025-11-12T20:00:00Z,High-Bear,15.415791999999993,8,3,1187.2,-15.189077822204776,-0.15242137107069897
2025-11-13T00:00:00Z,2025-11-13T00:00:00Z,High-Bear,1.2984999999999858,4,0,100.0,24.91264834115845,0.2510068421412326
2025-11-21T00:00:00Z,2025-11-21T12:00:00Z,High-Bear,53.58296607999943,16,5,4126.528,18.845196805248566,0.18975836323873452
2025-11-21T16:00:00Z,2025-11-21T16:00:00Z,High-Bear,1.2984999999999858,4,0,100.0,11.852328719154759,0.11926094390211084
2025-11-21T20:00:00Z,2025-11-22T00:00:00Z,High-Bear,7.842939999999946,8,2,604.0,12.626229401418975,0.12705801042500742
2025-11-22T04:00:00Z,2025-11-22T12:00:00Z,High-Bear,15.415791999999993,12,3,1187.2,13.87246460645013,0.13961641048825246
2025-11-22T16:00:00Z,2025-11-23T00:00:00Z,High-Bear,7.842939999999833,12,2,604.0,9.54204209166054,0.0959919767486106
2025-11-23T04:00:00Z,2025-11-23T08:00:00Z,High-Bear,1.2984999999999858,8,0,100.0,9.023908771591781,0.09077487651896199
2025-11-23T12:00:00Z,2025-11-23T20:00:00Z,High-Bear,3.635799999999988,12,1,280.0,13.417571114349048,0.13503205161708998
2025-11-24T00:00:00Z,2025-11-24T04:00:00Z,High-Bear,15.415791999999765,8,3,1187.2,16.243158194465778,0.163514755325056
2025-11-24T08:00:00Z,2025-11-24T12:00:00Z,High-Bear,15.415791999999993,8,3,1187.2,15.683028977656521,0.15786720942569943
2025-11-24T16:00:00Z,2025-11-24T16:00:00Z,High-Bear,1.2984999999999858,4,0,100.0,15.40252938330462,0.15503929000504346
2025-11-24T20:00:00Z,2025-11-26T16:00:00Z,High-Bull,88.37640529408031,48,8,4915.261695999998,20.745270635164403,0.20893079290043026
2025-11-26T20:00:00Z,2025-11-27T00:00:00Z,High-Bear,15.415791999999765,8,3,1187.2,11.701822519556604,0.11774473164904986
2025-11-27T04:00:00Z,2025-11-27T08:00:00Z,High-Bear,3.6357999999999318,8,1,280.0,10.370430924382191,0.1043341791795438
2025-11-27T12:00:00Z,2025-11-27T16:00:00Z,High-Bear,7.842939999999946,8,2,604.0,7.9148633416245895,0.07960969185871747
2025-11-27T20:00:00Z,2025-11-28T12:00:00Z,High-Bear,29.046925599999987,20,4,2236.96,5.380175230093531,0.05410136661727627
2025-11-28T16:00:00Z,2025-11-29T00:00:00Z,High-Bear,15.415791999999765,12,3,1187.2,4.692431266278629,0.047182364485442996
2025-11-29T04:00:00Z,2025-11-29T08:00:00Z,High-Bear,1.2984999999999858,8,0,100.0,2.129259515412185,0.021404173525785275
2025-11-29T12:00:00Z,2025-11-29T12:00:00Z,High-Bear,1.2984999999999858,4,0,100.0,2.689641262035103,0.027038879506480207
2025-11-29T16:00:00Z,2025-11-29T16:00:00Z,High-Bear,1.2984999999999716,4,0,100.0,5.579928467120676,0.05611115004175993
2025-11-29T20:00:00Z,2025-11-29T20:00:00Z,High-Bear,1.2985,4,0,100.0,7.423162282908002,0.0746603461463824
2025-11-30T00:00:00Z,2025-11-30T00:00:00Z,High-Bull,1.7979999999999998,4,0,100.0,7.8188701846174435,0.07864340915264556
2025-11-30T04:00:00Z,2025-11-30T08:00:00Z,High-Bull,4.315199999999983,8,1,240.0,13.117890331764892,0.13201213607034745
2025-11-30T12:00:00Z,2025-11-30T20:00:00Z,High-Bull,12.772992000000084,12,3,710.3999999999999,16.255791480585714,0.16364213874811018
2025-12-01T00:00:00Z,2025-12-02T12:00:00Z,High-Bull,88.37640529408031,40,8,4915.261695999998,19.25484095687775,0.19389119999060345
2025-12-02T16:00:00Z,2025-12-03T04:00:00Z,High-Bull,4.3152000000000115,16,1,240.0,15.169895983197335,0.15269406546836173
2025-12-03T08:00:00Z,2025-12-03T08:00:00Z,High-Bull,1.7979999999999856,4,0,100.0,15.477413336102464,0.1557942337045759
2025-12-03T12:00:00Z,2025-12-03T12:00:00Z,High-Bull,1.7979999999999998,4,0,100.0,16.588921598434347,0.1670012593609771
2025-12-03T20:00:00Z,2025-12-03T20:00:00Z,High-Bull,1.7979999999999998,4,0,100.0,22.48779514744075,0.22651994460856084
2025-12-04T08:00:00Z,2025-12-04T08:00:00Z,High-Bull,1.7979999999999998,4,0,100.0,22.03515294562697,0.221950352213085
2025-12-04T12:00:00Z,2025-12-05T00:00:00Z,High-Bull,88.37640529408031,16,8,4915.261695999998,21.92696967010579,0.2208582632613698
2025-12-05T20:00:00Z,2025-12-05T20:00:00Z,High-Bear,1.2985,4,0,100.0,8.941553940041103,0.08994569329372482
2025-12-06T00:00:00Z,2025-12-06T00:00:00Z,High-Bear,1.2984999999999858,4,0,100.0,8.059056262806141,0.08106119628363828
2025-12-06T04:00:00Z,2025-12-06T08:00:00Z,High-Bear,3.635799999999988,8,1,280.0,9.601283258340555,0.09658851251279632
2025-12-06T16:00:00Z,2025-12-06T16:00:00Z,High-Bear,1.2985,4,0,100.0,8.51279213944709,0.08562896035029244
2025-12-06T20:00:00Z,2025-12-07T16:00:00Z,High-Bear,53.58296607999943,24,5,4126.528,8.812010696926365,0.08864142501288086
2025-12-08T00:00:00Z,2025-12-08T00:00:00Z,High-Bear,1.2984999999999858,4,0,100.0,5.4960415642927085,0.05526712631684916
2025-12-08T04:00:00Z,2025-12-08T04:00:00Z,High-Bear,1.2985,4,0,100.0,6.528095514080734,0.06565207381070692
2025-12-08T12:00:00Z,2025-12-09T16:00:00Z,High-Bear,15.415791999999993,32,3,1187.2,6.527680499109301,0.06564789732763643
2025-12-10T00:00:00Z,2025-12-10T04:00:00Z,High-Bear,1.2984999999999858,8,0,100.0,6.025037438760261,0.06058982913215161
2025-12-11T00:00:00Z,2025-12-11T12:00:00Z,High-Bear,53.58296607999943,16,5,4126.528,3.3488587588437646,0.03366820361236922
2025-12-11T16:00:00Z,2025-12-11T20:00:00Z,High-Bear,3.635799999999988,8,1,280.0,-3.3967405243384596,-0.0341264456033219
2025-12-12T00:00:00Z,2025-12-13T08:00:00Z,High-Bear,53.58296607999943,36,5,4126.528,-0.46092137417561574,-0.004632161040751814
2025-12-13T12:00:00Z,2025-12-14T08:00:00Z,High-Bear,15.415791999999993,24,3,1187.2,-3.016206077819239,-0.03030444254653597
2025-12-14T12:00:00Z,2025-12-17T00:00:00Z,Medium,9.22454399999995,64,3,710.3999999999999,-4.663368218297059,-0.046846066469574676
2025-12-17T04:00:00Z,2025-12-19T20:00:00Z,High-Bear,53.58296608000034,68,5,4126.528,-14.337900550333305,-0.14389215513798126
2025-12-20T00:00:00Z,2025-12-20T04:00:00Z,High-Bear,7.842939999999833,8,2,604.0,-17.137335005577203,-0.17193838541170736
2025-12-20T08:00:00Z,2025-12-22T00:00:00Z,High-Bear,53.58296607999943,44,5,4126.528,-17.081722873156224,-0.17138138672982972
2025-12-22T04:00:00Z,2025-12-22T08:00:00Z,Medium,1.2984999999999858,8,0,100.0,-19.40967666133615,-0.19469233676669973
2025-12-22T12:00:00Z,2025-12-22T12:00:00Z,Medium,1.2984999999999858,4,0,100.0,-17.741233753830656,-0.17798650002823768
2025-12-22T16:00:00Z,2025-12-22T16:00:00Z,Medium,1.2985,4,0,100.0,-17.553397635360025,-0.17610537847255747
2025-12-22T20:00:00Z,2025-12-23T16:00:00Z,Medium,1.2984999999999858,24,0,100.0,-20.465870127765395,-0.20526493339777518
2025-12-23T20:00:00Z,2025-12-23T20:00:00Z,Medium,1.2985,4,0,100.0,-18.142220553500167,-0.18200202356755124
2025-12-24T00:00:00Z,2025-12-24T00:00:00Z,Medium,1.2984999999999858,4,0,100.0,-16.509295394332625,-0.16564771982866544
2025-12-24T04:00:00Z,2025-12-24T20:00:00Z,Medium,1.2984999999999858,20,0,100.0,-17.600535125897,-0.1765774527567765
2025-12-25T00:00:00Z,2025-12-25T00:00:00Z,Medium,1.2985,4,0,100.0,-17.679947892125057,-0.17737274856887142
2025-12-25T04:00:00Z,2025-12-25T04:00:00Z,Medium,1.2984999999999858,4,0,100.0,-15.552651161699227,-0.1560641111046368
2025-12-25T08:00:00Z,2025-12-26T00:00:00Z,Medium,1.2985,20,0,100.0,-15.661699811952346,-0.157156647332779
2025-12-26T04:00:00Z,2025-12-26T04:00:00Z,Medium,1.2984999999999858,4,0,100.0,-11.294571031124134,-0.11338457015386272
2025-12-26T08:00:00Z,2025-12-26T08:00:00Z,Medium,1.2985,4,0,100.0,-11.986817986592879,-0.12032557566679092
2025-12-26T12:00:00Z,2025-12-26T12:00:00Z,Medium,1.2984999999999858,4,0,100.0,-12.102014286408114,-0.12148052960160305
2025-12-26T16:00:00Z,2025-12-26T20:00:00Z,Medium,1.2985,8,0,100.0,-13.650551678114853,-0.13700351700728364
2025-12-27T00:00:00Z,2025-12-30T16:00:00Z,High-Bear,53.58296607999943,92,5,4126.528,1.375667911917744,0.013827719954018214
2025-12-30T20:00:00Z,2026-01-02T16:00:00Z,High-Bear,53.58296607999943,72,5,4126.528,-3.946120552325294,-0.03964378051209971
2026-01-02T20:00:00Z,2026-01-03T16:00:00Z,High-Bear,15.415791999999765,24,3,1187.2,-6.887262227384894,-0.06917083668820379
2026-01-03T20:00:00Z,2026-01-04T00:00:00Z,High-Bear,1.2984999999999858,8,0,100.0,-7.799644378532955,-0.07832698645364733
2026-01-04T04:00:00Z,2026-01-04T04:00:00Z,High-Bear,1.2985,4,0,100.0,-5.9627782170063925,-0.059891527819411206
2026-01-04T08:00:00Z,2026-01-04T08:00:00Z,High-Bear,1.2985,4,0,100.0,-5.51715010182069,-0.055418016147601445
2026-01-04T12:00:00Z,2026-01-04T20:00:00Z,High-Bear,7.842939999999946,12,2,604.0,-4.983513863681743,-0.05006049338748264
2026-01-05T00:00:00Z,2026-01-05T00:00:00Z,High-Bear,1.2984999999999716,4,0,100.0,-6.047295693287524,-0.06073992533063288
2026-01-05T04:00:00Z,2026-01-05T20:00:00Z,High-Bear,15.415791999999993,20,3,1187.2,-4.909812115244749,-0.04932050825079415
2026-01-06T00:00:00Z,2026-01-06T12:00:00Z,Medium,1.2984999999999716,16,0,100.0,-4.448513251501829,-0.04468869617015869
2026-01-06T16:00:00Z,2026-01-13T16:00:00Z,Medium,5.6614599999999635,172,2,436.0,-3.16588288711539,-0.03180779788427568
2026-01-13T20:00:00Z,2026-01-13T20:00:00Z,Medium,1.2984999999999858,4,0,100.0,-3.791043947473749,-0.03808643290517111
2026-01-14T00:00:00Z,2026-01-14T00:00:00Z,Medium,1.2985,4,0,100.0,-2.9598367538483106,-0.029738256783851114
2026-01-14T04:00:00Z,2026-01-14T16:00:00Z,Medium,1.2985,16,0,100.0,-2.2325999945653763,-0.022433157305490337
2026-01-14T20:00:00Z,2026-01-15T08:00:00Z,Medium,1.2984999999999858,16,0,100.0,-2.717686857759427,-0.02730597755573605
2026-01-15T12:00:00Z,2026-01-18T20:00:00Z,Medium,5.66146000000002,84,2,436.0,-0.9905000502155481,-0.00995378349732956
2026-01-19T00:00:00Z,2026-01-19T04:00:00Z,Low,6.700260000000009,8,2,516.0,-9.818095082448885,-0.09857705219833424
2026-01-19T08:00:00Z,2026-01-19T08:00:00Z,Low,1.2985,4,0,100.0,-11.009691540734645,-0.1105278669700005
2026-01-19T12:00:00Z,2026-01-21T16:00:00Z,Low,55.92973993599981,56,6,4307.257600000001,-9.656480232918874,-0.09695595678509417
2026-01-21T20:00:00Z,2026-01-22T00:00:00Z,Low,3.3760999999999775,8,1,260.0,-11.374520096302698,-0.11418625083671197
2026-01-22T04:00:00Z,2026-01-22T08:00:00Z,Low,20.52876559999984,8,4,1580.9600000000003,6.481407150795282,0.06518222991462874
2026-01-22T12:00:00Z,2026-01-22T16:00:00Z,Low,34.144524960000105,8,5,2629.5360000000005,3.8959604072044574,0.039170718420966644
2026-01-22T20:00:00Z,2026-01-23T16:00:00Z,Low,55.92973993599981,24,6,4307.257600000001,0.6648656488738913,0.006682513352851416
2026-01-23T20:00:00Z,2026-01-25T00:00:00Z,Low,6.700259999999895,32,2,516.0,-3.1023664825629793,-0.031169844017764348
2026-01-25T04:00:00Z,2026-01-26T12:00:00Z,Low,55.9297399359989,36,6,4307.257600000001,-4.092567209737197,-0.04111441783470893
2026-01-26T16:00:00Z,2026-01-27T00:00:00Z,Low,3.3760999999999775,12,1,260.0,-6.8811018799162404,-0.06910900923198238
2026-01-27T04:00:00Z,2026-01-27T20:00:00Z,Low,6.700259999999895,20,2,516.0,-7.872029233628696,-0.07905332796522835
2026-01-28T00:00:00Z,2026-01-28T00:00:00Z,Medium,1.2984999999999858,4,0,100.0,-3.232640300757883,-0.032478295420013126
2026-01-28T04:00:00Z,2026-01-28T04:00:00Z,Medium,1.2985,4,0,100.0,-6.207780783608541,-0.062350856071824445
2026-01-28T08:00:00Z,2026-01-28T08:00:00Z,Medium,1.2985,4,0,100.0,-4.645525098636694,-0.04666690628937209
2026-01-28T12:00:00Z,2026-02-03T00:00:00Z,Medium,14.212861599999794,136,4,1094.5599999999997,-4.26988455599705,-0.042895004912635315
2026-02-03T04:00:00Z,2026-02-03T04:00:00Z,Medium,1.2984999999999858,4,0,100.0,-14.417502961609829,-0.14468987231139874
2026-02-03T08:00:00Z,2026-02-03T20:00:00Z,Medium,5.6614599999999635,16,2,436.0,-14.619616569484483,-0.14671524987440732
2026-02-04T00:00:00Z,2026-02-04T00:00:00Z,Medium,1.2985,4,0,100.0,-21.858414716045715,-0.219201013562198
2026-02-04T04:00:00Z,2026-02-06T00:00:00Z,Medium,9.22454399999995,48,3,710.3999999999999,-19.744556682179258,-0.1980447600229085
2026-02-06T04:00:00Z,2026-02-06T04:00:00Z,High-Bear,1.2985,4,0,100.0,-25.227366255008,-0.2529001628609362
2026-02-06T08:00:00Z,2026-02-06T08:00:00Z,High-Bear,1.2984999999999858,4,0,100.0,-21.054988300803846,-0.2111610890272786
2026-02-06T12:00:00Z,2026-02-06T12:00:00Z,High-Bear,1.2985,4,0,100.0,-17.437311954168976,-0.17494278025962373
2026-02-06T16:00:00Z,2026-02-06T16:00:00Z,High-Bear,1.2984999999999858,4,0,100.0,-14.914364024465343,-0.14966876261686135
2026-02-06T20:00:00Z,2026-02-07T00:00:00Z,High-Bear,7.842939999999946,8,2,604.0,-12.774631880946652,-0.12822363601467934
2026-02-07T04:00:00Z,2026-02-07T20:00:00Z,High-Bear,53.58296607999943,20,5,4126.528,-13.488740804411448,-0.13538170369149505
2026-02-08T00:00:00Z,2026-02-08T08:00:00Z,High-Bear,1.2985,12,0,100.0,-16.090302476847373,-0.16145049852547277
2026-02-08T12:00:00Z,2026-02-08T12:00:00Z,High-Bear,1.2985,4,0,100.0,-14.391444687840405,-0.1444287367445063
2026-02-08T16:00:00Z,2026-02-08T20:00:00Z,High-Bear,3.635799999999988,8,1,280.0,-13.316954356876964,-0.13365984860145286
2026-02-09T00:00:00Z,2026-02-09T00:00:00Z,High-Bear,1.2984999999999858,4,0,100.0,-13.672760589174505,-0.13722611046858013
2026-02-09T04:00:00Z,2026-02-09T16:00:00Z,High-Bear,53.58296607999943,16,5,4126.528,-12.136652810860937,-0.12182780897144196
2026-02-09T20:00:00Z,2026-02-13T16:00:00Z,High-Bear,53.58296607999943,96,5,4126.528,-12.0742450393845,-0.12120211857883367
2026-02-13T20:00:00Z,2026-02-13T20:00:00Z,Medium,1.2985,4,0,100.0,-10.92677541400512,-0.10969637324285131
2026-02-14T00:00:00Z,2026-02-14T08:00:00Z,Medium,1.2984999999999858,12,0,100.0,-11.831474339806858,-0.11876806358631642
2026-02-14T12:00:00Z,2026-02-20T04:00:00Z,Medium,5.66146000000002,140,2,436.0,-8.649629962192884,-0.08685545012216966
2026-02-20T08:00:00Z,2026-02-20T08:00:00Z,Medium,1.2985,4,0,100.0,-10.723118097771533,-0.10765401237073924
2026-02-20T12:00:00Z,2026-02-25T12:00:00Z,Medium,5.6614599999999635,124,2,436.0,-9.829828643804584,-0.09869474491958075
2026-02-25T16:00:00Z,2026-02-25T16:00:00Z,Low,1.2985,4,0,100.0,-9.218160283375587,-0.09255907577299105
2026-02-25T20:00:00Z,2026-02-25T20:00:00Z,Medium,1.2984999999999858,4,0,100.0,-6.241753103511005,-0.06269185962228807
2026-02-26T00:00:00Z,2026-02-26T00:00:00Z,Medium,1.2985,4,0,100.0,-8.978480651583332,-0.09015463452427541
2026-02-26T04:00:00Z,2026-02-26T20:00:00Z,Low,20.528765600000067,20,4,1580.9600000000003,-10.029847231369192,-0.1007009756517685
2026-02-27T00:00:00Z,2026-02-27T04:00:00Z,Low,3.3760999999999775,8,1,260.0,-11.358224344278845,-0.11402284797389362
2026-02-27T08:00:00Z,2026-02-27T12:00:00Z,Low,6.700260000000009,8,2,516.0,-11.931187920296992,-0.1197678210703157
2026-02-27T16:00:00Z,2026-02-28T00:00:00Z,Low,3.3760999999999775,12,1,260.0,-12.783177903991394,-0.1283093054995077
2026-02-28T04:00:00Z,2026-02-28T12:00:00Z,Low,12.018915999999901,12,3,925.6000000000001,-13.310085188658437,-0.1335909961132753
2026-02-28T16:00:00Z,2026-02-28T16:00:00Z,Low,1.2984999999999858,4,0,100.0,-14.12657538995643,-0.14177434703457337
2026-02-28T20:00:00Z,2026-03-01T00:00:00Z,Low,3.3760999999999206,8,1,260.0,-10.876682208121014,-0.10919402533663414
2026-03-01T04:00:00Z,2026-03-02T12:00:00Z,Low,55.92973993599981,36,6,4307.257600000001,-7.578060440271783,-0.07610344999833263
2026-03-02T16:00:00Z,2026-03-04T08:00:00Z,Low,34.14452495999965,44,5,2629.5360000000005,-6.88452935933479,-0.06914340865392665
2026-03-04T12:00:00Z,2026-03-04T12:00:00Z,Low,1.2984999999999858,4,0,100.0,-5.911120280912385,-0.059372971589410906
2026-03-04T16:00:00Z,2026-03-04T20:00:00Z,Low,3.3760999999999775,8,1,260.0,-2.6564266452903107,-0.026690629430137225
2026-03-05T00:00:00Z,2026-03-05T08:00:00Z,Low,3.3760999999999775,12,1,260.0,-3.404581454593736,-0.034205195084069384
2026-03-05T12:00:00Z,2026-03-06T00:00:00Z,Low,20.52876559999984,16,4,1580.9600000000003,-2.668780200367904,-0.026814719341183846
2026-03-06T04:00:00Z,2026-03-07T04:00:00Z,Low,34.14452495999965,28,5,2629.5360000000005,-4.486533779581103,-0.04507046912319845
2026-03-07T08:00:00Z,2026-03-07T08:00:00Z,Low,1.2984999999999716,4,0,100.0,-8.53343611883589,-0.08568968687582279
2026-03-07T12:00:00Z,2026-03-08T12:00:00Z,Low,6.700260000000009,28,2,516.0,-7.823372948639218,-0.07856509053868477
2026-03-08T16:00:00Z,2026-03-09T00:00:00Z,Low,6.700259999999895,12,2,516.0,-8.472634158097136,-0.08507965497677183
2026-03-09T04:00:00Z,2026-03-09T04:00:00Z,Low,1.2984999999999858,4,0,100.0,-8.386433576037412,-0.08421478350910672
2026-03-09T08:00:00Z,2026-03-09T12:00:00Z,Low,3.3760999999999775,8,1,260.0,-8.700017761017719,-0.08736097829536993
2026-03-09T16:00:00Z,2026-03-09T16:00:00Z,Low,1.2985,4,0,100.0,-6.1545447330824565,-0.061816484521515225
2026-03-09T20:00:00Z,2026-03-10T00:00:00Z,Low,6.700260000000009,8,2,516.0,-5.102212783589755,-0.051252239048216186
2026-03-10T04:00:00Z,2026-03-10T04:00:00Z,Low,1.2985,4,0,100.0,-5.381703233288404,-0.05405823095201434
2026-03-10T08:00:00Z,2026-03-10T08:00:00Z,Low,1.2985,4,0,100.0,-4.761615937062357,-0.04783254607964027
2026-03-10T12:00:00Z,2026-03-10T16:00:00Z,Low,3.3760999999999775,8,1,260.0,-4.075681656509245,-0.04094485301150419
2026-03-10T20:00:00Z,2026-03-11T12:00:00Z,Low,6.700259999999895,20,2,516.0,-5.083232356687928,-0.051061676111008314
2026-03-11T16:00:00Z,2026-03-11T16:00:00Z,Low,1.2984999999999858,4,0,100.0,-6.349829510521509,-0.06377668140687964
2026-03-11T20:00:00Z,2026-03-12T08:00:00Z,Low,3.3761000000000343,16,1,260.0,-6.648244715991714,-0.06677191513237979
2026-03-12T12:00:00Z,2026-03-13T00:00:00Z,Low,6.700260000000009,16,2,516.0,-6.304708179758267,-0.06332377688861301
2026-03-13T04:00:00Z,2026-03-13T12:00:00Z,Low,3.3760999999999775,12,1,260.0,-7.141150157904397,-0.07171888045185426
2026-03-13T16:00:00Z,2026-03-15T08:00:00Z,Low,6.700259999999895,44,2,516.0,-7.626586504253563,-0.07659040473149137
2026-03-15T12:00:00Z,2026-03-15T20:00:00Z,Low,6.700259999999895,12,2,516.0,-6.470497171368928,-0.06498786064005335
2026-03-16T00:00:00Z,2026-03-16T04:00:00Z,Low,3.3760999999999775,8,1,260.0,-5.02724349430096,-0.05049954531853862
2026-03-16T08:00:00Z,2026-03-16T16:00:00Z,Low,3.3760999999999775,12,1,260.0,-2.4262166736891633,-0.02437814278517525
2026-03-16T20:00:00Z,2026-03-17T00:00:00Z,Low,1.2985,8,0,100.0,-0.8055524387441948,-0.008095349009662467
2026-03-17T04:00:00Z,2026-03-17T20:00:00Z,Low,12.018915999999901,20,3,925.6000000000001,-0.8642026856148566,-0.008684699821148723
2026-03-18T00:00:00Z,2026-03-18T04:00:00Z,Low,1.2984999999999858,8,0,100.0,-2.7829892010357016,-0.027961919837449223
2026-03-18T08:00:00Z,2026-03-20T16:00:00Z,Low,55.92973993599981,60,6,4307.257600000001,-2.477813507177451,-0.024896448438338492
2026-03-20T20:00:00Z,2026-03-20T20:00:00Z,Low,1.2985,4,0,100.0,-9.04299903317851,-0.0908018876317307
2026-03-21T00:00:00Z,2026-03-23T16:00:00Z,Low,55.92973993599981,68,6,4307.257600000001,-8.25720152664503,-0.08291813878213983
2026-03-23T20:00:00Z,2026-03-24T08:00:00Z,Low,55.92973993599981,16,6,4307.257600000001,-11.665292877761457,-0.11710183523331308
2026-03-24T12:00:00Z,2026-03-25T04:00:00Z,Low,20.52876559999984,20,4,1580.9600000000003,-12.832812961818995,-0.1288068685155741
2026-03-25T08:00:00Z,2026-03-25T08:00:00Z,Low,1.2985,4,0,100.0,-13.286156920044,-0.13335115252930407
2026-03-25T12:00:00Z,2026-04-01T04:00:00Z,Low,55.92973993599981,164,6,4307.257600000001,-11.525122437691282,-0.11569636472362754
2026-04-01T08:00:00Z,2026-04-01T08:00:00Z,Low,1.2985,4,0,100.0,-7.295328664032075,-0.07326616740020997
2026-04-01T12:00:00Z,2026-04-01T16:00:00Z,Low,3.3760999999999775,8,1,260.0,-6.657113331870523,-0.06686092788065201
2026-04-01T20:00:00Z,2026-04-03T08:00:00Z,Low,34.14452495999965,40,5,2629.5360000000005,-6.547563864934391,-0.06576138790013175
2026-04-03T12:00:00Z,2026-04-05T00:00:00Z,Low,6.700259999999895,40,2,516.0,-9.470536411232233,-0.09509076186939858
2026-04-05T04:00:00Z,2026-04-05T08:00:00Z,Low,3.3760999999999775,8,1,260.0,-8.73269637462778,-0.08768883191137
2026-04-05T12:00:00Z,2026-04-06T00:00:00Z,Low,3.3761000000000343,16,1,260.0,-9.021942731523769,-0.09059065020041723
2026-04-06T04:00:00Z,2026-04-06T08:00:00Z,Low,3.3760999999999775,8,1,260.0,-5.923814741102696,-0.05950040248732247
2026-04-06T12:00:00Z,2026-04-06T16:00:00Z,Low,1.2984999999999858,8,0,100.0,-5.77456012986115,-0.058002118217748144
2026-04-06T20:00:00Z,2026-04-07T20:00:00Z,Low,12.018916000000015,28,3,925.6000000000001,-6.559269080959307,-0.06587887345107513
2026-04-08T00:00:00Z,2026-04-08T08:00:00Z,Low,3.3760999999999775,12,1,260.0,-3.407615105351791,-0.034235663173087794
2026-04-08T12:00:00Z,2026-04-09T20:00:00Z,Low,34.14452495999965,36,5,2629.5360000000005,-1.9731278309961908,-0.019826498782216095
2026-04-10T00:00:00Z,2026-04-13T16:00:00Z,Low,55.92973993599981,92,6,4307.257600000001,-5.364203618124675,-0.053882545212902144
2026-04-13T20:00:00Z,2026-04-13T20:00:00Z,Low,1.2984999999999858,4,0,100.0,-5.433536934243188,-0.054578606889232884
2026-04-14T00:00:00Z,2026-04-14T12:00:00Z,Low,6.700260000000009,16,2,516.0,0.27778092831935997,0.0027918460656861654
2026-04-14T16:00:00Z,2026-04-15T20:00:00Z,Low,55.92973993599981,32,6,4307.257600000001,-0.5191304349095094,-0.0052171191081140655
2026-04-16T00:00:00Z,2026-04-16T16:00:00Z,Low,6.700260000000009,20,2,516.0,-4.258109924002163,-0.04277676826319743
2026-04-16T20:00:00Z,2026-04-16T20:00:00Z,Low,1.2985,4,0,100.0,-3.781160003688222,-0.0379871723409031
2026-04-17T00:00:00Z,2026-04-17T00:00:00Z,Low,1.2984999999999858,4,0,100.0,-1.6994031516501362,-0.017076512089098106
2026-04-17T04:00:00Z,2026-04-17T12:00:00Z,Low,6.700259999999895,12,2,516.0,-1.8133414896347677,-0.018221216851754818
2026-04-17T16:00:00Z,2026-05-10T16:00:00Z,Low,55.92973993599981,556,6,4307.257600000001,2.044772151594887,0.020554697973196312
2026-05-10T20:00:00Z,2026-05-11T16:00:00Z,Low,3.3760999999999775,24,1,260.0,3.125642448507726,0.03142336312045302
2026-05-11T20:00:00Z,2026-05-11T20:00:00Z,Low,1.2984999999999858,4,0,100.0,3.4877353997790017,0.035064908251225546
2026-05-12T00:00:00Z,2026-05-12T00:00:00Z,Low,1.2985,4,0,100.0,8.998166308076705,0.09051568904834273
2026-05-12T12:00:00Z,2026-05-12T12:00:00Z,Medium,1.2985,4,0,100.0,24.836898378636295,0.25024171516718763
2026-05-13T16:00:00Z,2026-05-13T16:00:00Z,Medium,1.2984999999999858,4,0,100.0,22.730253970178673,0.22896782853381037
2026-05-13T20:00:00Z,2026-05-13T20:00:00Z,Medium,1.2984999999999858,4,0,100.0,24.28570764086613,0.24467465943043276
2026-05-20T12:00:00Z,2026-05-20T16:00:00Z,High-Bull,7.83927999999997,8,2,436.0,24.24116090936117,0.2442247620795701
2026-05-22T20:00:00Z,2026-05-23T12:00:00Z,High-Bear,15.415791999999993,20,3,1187.2,15.6401729991122,0.1574351369536986
2026-05-23T16:00:00Z,2026-05-23T20:00:00Z,High-Bear,3.635799999999988,8,1,280.0,14.677352563299117,0.14772899767965253
2026-05-24T12:00:00Z,2026-05-25T16:00:00Z,High-Bull,19.680188800000025,32,4,1094.5599999999997,16.933312399964628,0.17047416404749605
2026-05-26T00:00:00Z,2026-05-29T16:00:00Z,High-Bear,53.58296608000034,92,5,4126.528,10.828907442573632,0.10895181642143204
2026-05-29T20:00:00Z,2026-06-01T04:00:00Z,High-Bear,53.58296607999943,60,5,4126.528,6.188784135498349,0.06223754656187186
2026-06-01T08:00:00Z,2026-06-04T00:00:00Z,High-Bear,53.58296607999943,68,5,4126.528,-0.585398740422427,-0.005883058302236233
2026-06-04T04:00:00Z,2026-06-04T12:00:00Z,High-Bear,53.58296607999943,12,5,4126.528,12.400909555333373,0.12478778266733492
2026-06-04T16:00:00Z,2026-06-04T20:00:00Z,High-Bear,53.58296607999943,8,5,4126.528,7.235372218299885,0.07277022527600874
2026-06-05T00:00:00Z,2026-06-22T16:00:00Z,High-Bull,88.37640529408031,428,8,4915.261695999998,9.769120632542826,0.09827860892870355
2026-06-22T20:00:00Z,2026-06-23T00:00:00Z,High-Bear,53.58296607999943,8,5,4126.528,9.462784497979282,0.09519389438250592
2026-06-23T04:00:00Z,2026-06-23T16:00:00Z,High-Bear,53.58296608000034,16,5,4126.528,4.68800000911993,0.0471377872220069
2026-06-23T20:00:00Z,2026-06-25T00:00:00Z,High-Bear,53.58296607999943,32,5,4126.528,1.0408210945005214,0.010461607850498211
2026-06-25T04:00:00Z,2026-06-25T04:00:00Z,Medium,1.2984999999999716,4,0,100.0,-3.5535625976580443,-0.035701446476477106
2026-06-25T08:00:00Z,2026-06-25T16:00:00Z,Medium,3.116399999999966,12,1,240.0,-3.9932938982153665,-0.04011750641486067
2026-06-25T20:00:00Z,2026-06-27T16:00:00Z,Medium,1.2984999999999858,48,0,100.0,-5.953897886316339,-0.059802385059049
2026-06-27T20:00:00Z,2026-06-27T20:00:00Z,Medium,1.2984999999999858,4,0,100.0,-5.277709710257983,-0.05301418869619878
2026-06-28T00:00:00Z,2026-06-29T16:00:00Z,Medium,3.116399999999966,44,1,240.0,-4.310776974255259,-0.043305629800383105
2026-06-29T20:00:00Z,2026-06-30T16:00:00Z,Medium,3.116399999999966,24,1,240.0,-4.674868318498504,-0.046961536969702955
2026-06-30T20:00:00Z,2026-07-01T12:00:00Z,Medium,1.2984999999999716,20,0,100.0,-7.348392719947084,-0.07379869047586807
2026-07-01T16:00:00Z,2026-07-02T08:00:00Z,Medium,1.2985,20,0,100.0,-4.998016979714204,-0.05020610723567298
2026-07-02T12:00:00Z,2026-07-02T12:00:00Z,Medium,1.2984999999999858,4,0,100.0,-4.472750280946681,-0.044932066149061534
2026-07-02T16:00:00Z,2026-07-02T20:00:00Z,Medium,1.2985,8,0,100.0,-1.6277414345283292,-0.016356534597361527
2026-07-03T00:00:00Z,2026-07-03T00:00:00Z,Medium,1.2985,4,0,100.0,-1.0966536060959542,-0.01102042964982175
2026-07-03T04:00:00Z,2026-07-03T04:00:00Z,Medium,1.2984999999999858,4,0,100.0,-1.2483523727513934,-0.012544681114834422
2026-07-03T08:00:00Z,2026-07-06T04:00:00Z,Medium,3.1163999999999943,72,1,240.0,-0.6673148775670157,-0.006706232420894409
2026-07-06T08:00:00Z,2026-07-08T00:00:00Z,Medium,1.2984999999999858,44,0,100.0,-2.6511786495947542,-0.026637913878480024
2026-07-08T04:00:00Z,2026-07-08T04:00:00Z,Medium,1.2984999999999858,4,0,100.0,1.7124744717521123,0.017213761336876132
2026-07-08T08:00:00Z,2026-07-08T08:00:00Z,Medium,1.2985,4,0,100.0,3.0097948724412182,0.030258347604394942
2026-07-08T12:00:00Z,2026-08-20T16:00:00Z,Medium,21.196506239999803,1040,5,1632.3839999999996,0.2268265622987542,0.0022797159125786948
